-- phpMyAdmin SQL Dump
-- version 5.1.2
-- https://www.phpmyadmin.net/
--
-- Host: localhost:3306
-- Generation Time: Aug 05, 2025 at 10:18 AM
-- Server version: 5.7.24
-- PHP Version: 8.3.1

SET SQL_MODE = "NO_AUTO_VALUE_ON_ZERO";
START TRANSACTION;
SET time_zone = "+00:00";


/*!40101 SET @OLD_CHARACTER_SET_CLIENT=@@CHARACTER_SET_CLIENT */;
/*!40101 SET @OLD_CHARACTER_SET_RESULTS=@@CHARACTER_SET_RESULTS */;
/*!40101 SET @OLD_COLLATION_CONNECTION=@@COLLATION_CONNECTION */;
/*!40101 SET NAMES utf8mb4 */;

--
-- Database: `eventy`
--
CREATE DATABASE IF NOT EXISTS `eventy` DEFAULT CHARACTER SET utf8mb4 COLLATE utf8mb4_general_ci;
USE `eventy`;

-- --------------------------------------------------------

--
-- Table structure for table `admins`
--

CREATE TABLE `admins` (
  `admin_id` int(11) NOT NULL,
  `admin_username` varchar(100) NOT NULL,
  `admin_password` varchar(255) NOT NULL,
  `email` varchar(100) NOT NULL
) ENGINE=InnoDB DEFAULT CHARSET=utf8mb4;

-- --------------------------------------------------------

--
-- Table structure for table `admin_messages`
--

CREATE TABLE `admin_messages` (
  `message_id` int(11) NOT NULL,
  `user_id` int(11) NOT NULL,
  `subject` varchar(255) NOT NULL,
  `message` text NOT NULL,
  `reply` text,
  `answered` tinyint(1) DEFAULT '0',
  `created_at` timestamp NOT NULL DEFAULT CURRENT_TIMESTAMP
) ENGINE=InnoDB DEFAULT CHARSET=utf8mb4;

--
-- Dumping data for table `admin_messages`
--

INSERT INTO `admin_messages` (`message_id`, `user_id`, `subject`, `message`, `reply`, `answered`, `created_at`) VALUES
(1, 10, 'Hi', 'hi', 'Whats up?', 1, '2025-06-08 06:28:58'),
(2, 10, 'Hello', 'adsad', 'hi', 1, '2025-06-08 06:53:08'),
(3, 10, 'Hi', 'yo?', 'hii', 1, '2025-06-09 09:57:31'),
(4, 7, 'Hey!', 'im neo', 'Hi Neo', 1, '2025-08-04 16:09:39');

-- --------------------------------------------------------

--
-- Table structure for table `default_images`
--

CREATE TABLE `default_images` (
  `category` varchar(255) NOT NULL,
  `src` varchar(255) NOT NULL
) ENGINE=InnoDB DEFAULT CHARSET=utf8mb4;

--
-- Dumping data for table `default_images`
--

INSERT INTO `default_images` (`category`, `src`) VALUES
('Art', '/img/art.png'),
('Cards', '/img/cards.jpg'),
('Food', '/img/food.jpg'),
('Meetup', '/img/meetup.jpg'),
('Music', '/img/music.jpg'),
('Other', '/img/other.jpg'),
('Social', '/img/social.png'),
('Sport', '/img/sport.jpg'),
('Travel', '/img/travel.jpg');

-- --------------------------------------------------------

--
-- Table structure for table `email_verification_codes`
--

CREATE TABLE `email_verification_codes` (
  `id` int(11) NOT NULL,
  `user_id` int(11) NOT NULL,
  `code` varchar(10) NOT NULL,
  `expires_at` datetime NOT NULL
) ENGINE=InnoDB DEFAULT CHARSET=utf8mb4;

-- --------------------------------------------------------

--
-- Table structure for table `events`
--

CREATE TABLE `events` (
  `event_id` bigint(11) NOT NULL,
  `event_name` varchar(100) NOT NULL,
  `category` varchar(50) NOT NULL,
  `start_date` date NOT NULL,
  `end_date` date NOT NULL,
  `start_time` time NOT NULL,
  `is_private` tinyint(1) NOT NULL,
  `participant_amount` int(11) NOT NULL,
  `city` varchar(80) NOT NULL,
  `created_by` int(11) NOT NULL,
  `created_date` timestamp NOT NULL DEFAULT CURRENT_TIMESTAMP ON UPDATE CURRENT_TIMESTAMP
) ENGINE=InnoDB DEFAULT CHARSET=utf8mb4;

--
-- Dumping data for table `events`
--

INSERT INTO `events` (`event_id`, `event_name`, `category`, `start_date`, `end_date`, `start_time`, `is_private`, `participant_amount`, `city`, `created_by`, `created_date`) VALUES
(1, 'Football 3v3', 'Sport', '0000-00-00', '0000-00-00', '00:00:00', 0, 8, 'Haifa', 0, '2025-06-20 12:06:56'),
(17, 'Tennis', 'Sport', '2025-05-27', '2025-05-27', '11:59:00', 0, 4, 'יגור', 0, '2025-06-20 12:06:56'),
(18, 'Art', 'Art', '2025-06-17', '2025-06-30', '21:12:00', 1, 100, 'שחר', 0, '2025-06-20 12:06:56'),
(19, 'a', 'music', '2025-06-19', '2025-07-10', '09:33:00', 1, 22, 'תירוש', 0, '2025-06-20 12:06:56'),
(20, 'leo', 'Food', '2025-06-12', '2025-06-24', '23:22:00', 1, 3, 'אמציה', 0, '2025-06-20 12:06:56'),
(26, 'aaa', 'Art', '2025-06-16', '2025-06-23', '20:11:00', 1, 20, 'שחר', 0, '2025-06-20 12:06:56');

-- --------------------------------------------------------

--
-- Table structure for table `event_comments`
--

CREATE TABLE `event_comments` (
  `event_id` bigint(11) NOT NULL,
  `comment_content` varchar(255) NOT NULL,
  `comment_time` timestamp NOT NULL DEFAULT CURRENT_TIMESTAMP ON UPDATE CURRENT_TIMESTAMP,
  `comment_id` int(11) NOT NULL,
  `user_id` int(255) NOT NULL
) ENGINE=InnoDB DEFAULT CHARSET=utf8mb4;

--
-- Dumping data for table `event_comments`
--

INSERT INTO `event_comments` (`event_id`, `comment_content`, `comment_time`, `comment_id`, `user_id`) VALUES
(19, '???', '2025-06-16 16:22:55', 38, 7);

-- --------------------------------------------------------

--
-- Table structure for table `event_participants`
--

CREATE TABLE `event_participants` (
  `user_id` int(11) NOT NULL,
  `event_id` bigint(11) NOT NULL,
  `join_date` timestamp NOT NULL DEFAULT CURRENT_TIMESTAMP ON UPDATE CURRENT_TIMESTAMP
) ENGINE=InnoDB DEFAULT CHARSET=utf8mb4;

--
-- Dumping data for table `event_participants`
--

INSERT INTO `event_participants` (`user_id`, `event_id`, `join_date`) VALUES
(7, 1, '2025-05-24 12:21:39'),
(7, 17, '2025-05-26 12:16:35'),
(7, 18, '2025-06-16 16:24:15'),
(7, 19, '2025-06-16 16:22:19'),
(7, 20, '2025-06-16 16:24:46'),
(9, 1, '2025-05-24 15:10:36'),
(10, 1, '2025-05-29 12:53:28'),
(14, 17, '2025-06-09 18:24:26');

-- --------------------------------------------------------

--
-- Table structure for table `friend_requests`
--

CREATE TABLE `friend_requests` (
  `sender_id` int(11) DEFAULT NULL,
  `receiver_id` int(11) DEFAULT NULL,
  `status` varchar(20) NOT NULL DEFAULT 'pending',
  `request_id` int(11) NOT NULL,
  `request_date` timestamp NOT NULL DEFAULT CURRENT_TIMESTAMP ON UPDATE CURRENT_TIMESTAMP
) ENGINE=InnoDB DEFAULT CHARSET=utf8mb4;

--
-- Dumping data for table `friend_requests`
--

INSERT INTO `friend_requests` (`sender_id`, `receiver_id`, `status`, `request_id`, `request_date`) VALUES
(7, 9, 'pending', 2, '2025-06-08 18:52:30'),
(7, 11, 'pending', 3, '2025-06-08 18:52:30'),
(9, 11, 'pending', 4, '2025-06-08 18:52:30'),
(11, 9, 'pending', 8, '2025-06-08 18:52:30'),
(11, 7, 'accepted', 12, '2025-06-09 09:55:13'),
(9, 11, 'pending', 13, '2025-06-09 15:58:58'),
(11, 7, 'ignored', 14, '2025-06-09 15:59:22'),
(9, 7, 'accepted', 15, '2025-06-09 18:06:44'),
(14, 7, 'accepted', 16, '2025-06-09 18:26:12'),
(14, 9, 'pending', 17, '2025-06-09 18:24:36'),
(7, 14, 'pending', 18, '2025-06-10 08:01:51');

-- --------------------------------------------------------

--
-- Table structure for table `manager_messages`
--

CREATE TABLE `manager_messages` (
  `user_id` int(11) NOT NULL,
  `message` varchar(255) NOT NULL
) ENGINE=InnoDB DEFAULT CHARSET=utf8mb4;

-- --------------------------------------------------------

--
-- Table structure for table `notifications`
--

CREATE TABLE `notifications` (
  `notification_id` int(11) NOT NULL,
  `notification_message` varchar(255) NOT NULL,
  `user_id` int(11) NOT NULL
) ENGINE=InnoDB DEFAULT CHARSET=utf8mb4;

-- --------------------------------------------------------

--
-- Table structure for table `password_resets`
--

CREATE TABLE `password_resets` (
  `id` int(11) NOT NULL,
  `email` varchar(255) NOT NULL,
  `token` varchar(255) NOT NULL,
  `expires_at` datetime NOT NULL
) ENGINE=InnoDB DEFAULT CHARSET=utf8mb4;

--
-- Dumping data for table `password_resets`
--

INSERT INTO `password_resets` (`id`, `email`, `token`, `expires_at`) VALUES
(1, 'leongitelman2015@gmail.com', 'afc4a6feb6fdd74a4858432d70aedf6adb718b98e3e46657519080de37f84a4e', '2025-06-09 14:58:10'),
(2, 'leongitelman2015@gmail.com', '28070aa0503729a4e8586095ef832d385b15a5cee877746c391a8a4879fc5f8e', '2025-06-09 14:59:58'),
(3, 'leongitelman2015@gmail.com', '4170fc963b36e3608fa374d16ba4e5259f634295e678b0a1b37bbe83338b186d', '2025-06-09 15:07:12'),
(4, 'leongitelman2015@gmail.com', '472321d6c0e6e7c786d1c28027d3dce7cd0a020dab4fea88cea49ba86fb55683', '2025-06-09 15:07:45'),
(5, 'neozi2014@gmail.com', 'f6f43b0dfa30ca59ad5c1a40f93676b6edc123ac47f521267ec22b885abb8d9f', '2025-06-09 15:08:37');

-- --------------------------------------------------------

--
-- Table structure for table `private_messages`
--

CREATE TABLE `private_messages` (
  `sender_id` int(11) NOT NULL,
  `reciever_id` int(11) NOT NULL,
  `message` varchar(255) NOT NULL,
  `message_id` int(11) NOT NULL
) ENGINE=InnoDB DEFAULT CHARSET=utf8mb4;

-- --------------------------------------------------------

--
-- Table structure for table `users`
--

CREATE TABLE `users` (
  `first_name` varchar(255) NOT NULL,
  `last_name` varchar(255) NOT NULL,
  `user_name` varchar(30) NOT NULL,
  `user_id` int(255) NOT NULL,
  `password` varchar(255) NOT NULL,
  `gender` varchar(255) NOT NULL,
  `city` varchar(56) NOT NULL,
  `email` varchar(255) NOT NULL,
  `src` varchar(42) NOT NULL DEFAULT '/img/undefined2.png',
  `is_admin` tinyint(1) NOT NULL DEFAULT '0',
  `blocked` tinyint(1) NOT NULL DEFAULT '0',
  `registration_date` timestamp NOT NULL DEFAULT CURRENT_TIMESTAMP ON UPDATE CURRENT_TIMESTAMP,
  `is_verified` tinyint(1) NOT NULL DEFAULT '0'
) ENGINE=InnoDB DEFAULT CHARSET=utf8mb4;

--
-- Dumping data for table `users`
--

INSERT INTO `users` (`first_name`, `last_name`, `user_name`, `user_id`, `password`, `gender`, `city`, `email`, `src`, `is_admin`, `blocked`, `registration_date`, `is_verified`) VALUES
('test', 'test', 'test', 7, '$2b$10$JxO8FHOnOKOhS8.Jixw0xe/TD9J2UIW46GZ5TaWA.BuJVTxdAuX4u', 'male', 'מקווה ישראל', 'testtest@gmail.com', '/img/undefined2.png', 0, 0, '2025-06-09 12:21:20', 0),
('leo', 'leo', 'leoleo', 9, '$2b$10$g14CpaFm61BMgaLuAeqlEOqKvtfysnHtYPUbACpN7YeeRM1mygqBi', 'male', 'בת שלמה', 'leleo@gmail.com', '/img/undefined2.png', 0, 0, '2025-06-08 17:24:37', 0),
('AdminFirst', 'AdminLast', 'AdminUsername', 10, '$2b$10$aIdVvyNzjZlFQUxwcnRb0uzAJExchkORePuyej6mdj9ScVYr9nyqO', 'male', 'מזכרת בתיה', 'admin@gmail.com', '/img/undefined2.png', 1, 0, '2025-06-08 17:24:37', 0),
('Moshe', 'Hershkovitz', 'MosheH23', 11, '$2b$10$gUcPxwSkSLjpySwfytgN3eqInTueiS1eFyM0uBusPnSEF9oO.CKoe', 'male', 'כפר ביאליק', 'moshe@gmail.com', '/img/undefined2.png', 0, 1, '2025-06-09 09:56:37', 0),
('Eyal', 'Second', 'Eyalush', 13, '$2b$10$ydb2FGdy5sGWMYFH53tjmOe.45AhhZhWOOpGtB5Z09qiJlvLGcCu.', 'male', 'חרשים', 'neozi2014@gmail.com', '/img/undefined2.png', 0, 0, '2025-06-09 12:42:53', 1),
('leon', 'gitelman', 'leoleo', 14, '$2b$10$qnWgsRNXJbduVTPXwmVjce5ZmLpRJZYlAaXOAyA0IVaQQ/iQQsqr2', 'male', 'לכיש', 'leongitelman2015@gmail.com', '/img/undefined2.png', 0, 0, '2025-06-09 18:23:56', 1);

-- --------------------------------------------------------

--
-- Table structure for table `yeshuvim`
--

CREATE TABLE `yeshuvim` (
  `id` int(11) NOT NULL,
  `name_heb` varchar(100) DEFAULT NULL,
  `name_eng` varchar(100) DEFAULT NULL,
  `nafa_code` int(11) DEFAULT NULL,
  `nafa_name` varchar(100) DEFAULT NULL,
  `lska_code` int(11) DEFAULT NULL,
  `lska_name` varchar(100) DEFAULT NULL,
  `regional_council_code` int(11) DEFAULT NULL,
  `regional_council_name` varchar(100) DEFAULT NULL
) ENGINE=InnoDB DEFAULT CHARSET=utf8mb4;

--
-- Dumping data for table `yeshuvim`
--

INSERT INTO `yeshuvim` (`id`, `name_heb`, `name_eng`, `nafa_code`, `nafa_name`, `lska_code`, `lska_name`, `regional_council_code`, `regional_council_name`) VALUES
(0, 'לא רשום', NULL, 0, 'לא ידוע', 0, NULL, 0, NULL),
(7, 'שחר', 'SHAHAR', 61, 'אשקלון', 61, 'אשקלון', 50, 'לכיש'),
(10, 'תירוש', 'TIROSH', 11, 'ירושלים', 13, 'בית שמש', 26, 'מטה יהודה'),
(11, 'ניר ח\"ן', 'NIR HEN', 61, 'אשקלון', 61, 'אשקלון', 50, 'לכיש'),
(13, 'חצבה', 'HAZEVA', 62, 'באר שבע', 63, 'אילת', 54, 'הערבה התיכונה'),
(15, 'נועם', 'NO\'AM', 61, 'אשקלון', 61, 'אשקלון', 34, 'שפיר'),
(16, 'בית ניר', 'BET NIR', 61, 'אשקלון', 61, 'אשקלון', 35, 'יואב'),
(18, 'שדה משה', 'SEDE MOSHE', 61, 'אשקלון', 61, 'אשקלון', 50, 'לכיש'),
(21, 'באר אורה', 'BE\'ER ORA', 62, 'באר שבע', 63, 'אילת', 53, 'חבל אילות'),
(22, 'מקווה ישראל', 'MIQWE YISRA\'EL', 53, 'חולון', 53, 'חולון', 0, NULL),
(23, 'אמציה', 'AMAZYA', 61, 'אשקלון', 61, 'אשקלון', 50, 'לכיש'),
(24, 'לכיש', 'LAKHISH', 61, 'אשקלון', 61, 'אשקלון', 50, 'לכיש'),
(26, 'ראש פינה', 'ROSH PINNA', 21, 'צפת', 21, 'צפת', 0, NULL),
(27, 'שדות מיכה', 'SEDOT MIKHA', 11, 'ירושלים', 13, 'בית שמש', 26, 'מטה יהודה'),
(28, 'מזכרת בתיה', 'MAZKERET BATYA', 44, 'רחובות', 44, 'רחובות', 0, NULL),
(29, 'יסוד המעלה', 'YESUD HAMA\'ALA', 21, 'צפת', 21, 'צפת', 0, NULL),
(31, 'אופקים', 'OFAQIM', 62, 'באר שבע', 62, 'באר שבע', 0, NULL),
(32, 'עוצם', 'OZEM', 61, 'אשקלון', 61, 'אשקלון', 50, 'לכיש'),
(33, 'בת שלמה', 'BAT SHELOMO', 32, 'חדרה', 32, 'חדרה', 15, 'חוף הכרמל'),
(35, 'גדות', 'GADOT', 21, 'צפת', 21, 'צפת', 1, 'הגליל העליון'),
(36, 'שדה דוד', 'SEDE DAWID', 61, 'אשקלון', 61, 'אשקלון', 50, 'לכיש'),
(37, 'איתן', 'ETAN', 61, 'אשקלון', 61, 'אשקלון', 34, 'שפיר'),
(38, 'כרי דשא', 'KARE DESHE', 22, 'כנרת', 22, 'טבריה', 6, 'עמק הירדן'),
(39, 'גפן', 'GEFEN', 11, 'ירושלים', 13, 'בית שמש', 26, 'מטה יהודה'),
(41, 'אליכין', 'ELYAKHIN', 41, 'השרון', 32, 'חדרה', 0, NULL),
(43, 'מטולה', 'METULA', 21, 'צפת', 21, 'צפת', 0, NULL),
(44, 'זוהר', 'ZOHAR', 61, 'אשקלון', 61, 'אשקלון', 50, 'לכיש'),
(46, 'יבנאל', 'YAVNE\'EL', 22, 'כנרת', 22, 'טבריה', 0, NULL),
(47, 'כפר תבור', 'KEFAR TAVOR', 22, 'כנרת', 22, 'טבריה', 0, NULL),
(48, 'מנחמיה', 'MENAHEMYA', 22, 'כנרת', 22, 'טבריה', 7, 'עמק המעיינות'),
(49, 'אילניה', 'ILANIYYA', 22, 'כנרת', 22, 'טבריה', 3, 'הגליל התחתון'),
(52, 'לוזית', 'LUZIT', 11, 'ירושלים', 13, 'בית שמש', 26, 'מטה יהודה'),
(53, 'עתלית', 'ATLIT', 32, 'חדרה', 32, 'חדרה', 15, 'חוף הכרמל'),
(55, 'נוגה', 'NOGAH', 61, 'אשקלון', 61, 'אשקלון', 50, 'לכיש'),
(57, 'כנרת )קבוצה(', 'KINNERET(QEVUZA)', 22, 'כנרת', 22, 'טבריה', 6, 'עמק הירדן'),
(58, 'מצפה', 'MIZPA', 22, 'כנרת', 22, 'טבריה', 3, 'הגליל התחתון'),
(59, 'נחושה', 'NEHUSHA', 11, 'ירושלים', 13, 'בית שמש', 26, 'מטה יהודה'),
(62, 'דגניה א\'', 'DEGANYA ALEF', 22, 'כנרת', 22, 'טבריה', 6, 'עמק הירדן'),
(63, 'כנרת )מושבה(', 'KINNERET(MOSHAVA)', 22, 'כנרת', 22, 'טבריה', 6, 'עמק הירדן'),
(64, 'יד רמב\"ם', 'YAD RAMBAM', 43, 'רמלה', 43, 'רמלה', 30, 'גזר'),
(65, 'מגדל', 'MIGDAL', 22, 'כנרת', 22, 'טבריה', 0, NULL),
(66, 'מרחביה )קיבוץ(', 'MERHAVYA(QIBBUZ)', 23, 'עפולה', 23, 'עפולה', 9, 'עמק יזרעאל'),
(67, 'אור הנר', 'OR HANER', 61, 'אשקלון', 61, 'אשקלון', 37, 'שער הנגב'),
(69, 'ניר עוז', 'NIR OZ', 62, 'באר שבע', 62, 'באר שבע', 38, 'אשכול'),
(70, 'אשדוד', 'ASHDOD', 61, 'אשקלון', 69, 'אשדוד', 0, NULL),
(71, 'אשבול', 'ESHBOL', 62, 'באר שבע', 62, 'באר שבע', 42, 'מרחבים'),
(72, 'גן שמואל', 'GAN SHEMU\'EL', 32, 'חדרה', 32, 'חדרה', 14, 'מנשה'),
(74, 'עין הוד', 'EN HOD', 32, 'חדרה', 32, 'חדרה', 15, 'חוף הכרמל'),
(76, 'כפר גלעדי', 'KEFAR GIL\'ADI', 21, 'צפת', 21, 'צפת', 1, 'הגליל העליון'),
(77, 'איילת השחר', 'AYYELET HASHAHAR', 21, 'צפת', 21, 'צפת', 1, 'הגליל העליון'),
(78, 'קרית ענבים', 'QIRYAT ANAVIM', 11, 'ירושלים', 13, 'בית שמש', 26, 'מטה יהודה'),
(79, 'דגניה ב\'', 'DEGANYA BET', 22, 'כנרת', 22, 'טבריה', 6, 'עמק הירדן'),
(80, 'נהלל', 'NAHALAL', 23, 'עפולה', 23, 'עפולה', 9, 'עמק יזרעאל'),
(82, 'עין חרוד )מאוחד(', 'EN HAROD(ME\'UHAD)', 23, 'עפולה', 23, 'עפולה', 8, 'הגלבוע'),
(84, 'תל יוסף', 'TEL YOSEF', 23, 'עפולה', 23, 'עפולה', 8, 'הגלבוע'),
(85, 'כפר יחזקאל', 'KEFAR YEHEZQEL', 23, 'עפולה', 23, 'עפולה', 8, 'הגלבוע'),
(86, 'גבע', 'GEVA', 23, 'עפולה', 23, 'עפולה', 8, 'הגלבוע'),
(88, 'כרם בן שמן', 'KEREM BEN SHEMEN', 43, 'רמלה', 43, 'רמלה', 25, 'חבל מודיעין'),
(89, 'עין חרוד )איחוד(', 'EN HAROD (IHUD)', 23, 'עפולה', 23, 'עפולה', 8, 'הגלבוע'),
(90, 'חפצי-בה', 'HEFZI-BAH', 23, 'עפולה', 23, 'עפולה', 8, 'הגלבוע'),
(92, 'גיניגר', 'GINNEGAR', 23, 'עפולה', 23, 'עפולה', 9, 'עמק יזרעאל'),
(94, 'בלפוריה', 'BALFURIYYA', 23, 'עפולה', 23, 'עפולה', 9, 'עמק יזרעאל'),
(95, 'בית אלפא', 'BET ALFA', 23, 'עפולה', 23, 'עפולה', 8, 'הגלבוע'),
(96, 'יגור', 'YAGUR', 31, 'חיפה', 31, 'חיפה', 12, 'זבולון'),
(97, 'מרחביה )מושב(', 'MERHAVYA(MOSHAV)', 23, 'עפולה', 23, 'עפולה', 9, 'עמק יזרעאל'),
(98, 'כפר מל\"ל', 'KEFAR MALAL', 42, 'פתח תקווה', 47, 'כפר סבא', 20, 'דרום השרון'),
(99, 'מצפה רמון', 'MIZPE RAMON', 62, 'באר שבע', 62, 'באר שבע', 0, NULL),
(102, 'מאיר שפיה', 'ME\'IR SHEFEYA', 32, 'חדרה', 32, 'חדרה', 15, 'חוף הכרמל'),
(103, 'תל עדשים', 'TEL ADASHIM', 23, 'עפולה', 23, 'עפולה', 9, 'עמק יזרעאל'),
(104, 'מזרע', 'MIZRA', 23, 'עפולה', 23, 'עפולה', 9, 'עמק יזרעאל'),
(106, 'כפר גדעון', 'KEFAR GID\'ON', 23, 'עפולה', 23, 'עפולה', 9, 'עמק יזרעאל'),
(107, 'כפר סילבר', 'KEFAR SILVER', 61, 'אשקלון', 61, 'אשקלון', 36, 'חוף אשקלון'),
(112, 'כפר חסידים א\'', 'KEFAR HASIDIM ALEF', 31, 'חיפה', 31, 'חיפה', 12, 'זבולון'),
(113, 'אדירים', 'ADDIRIM', 23, 'עפולה', 23, 'עפולה', 8, 'הגלבוע'),
(115, 'חופית', 'HOFIT', 41, 'השרון', 41, 'נתניה', 16, 'עמק חפר'),
(122, 'רמת ישי', 'RAMAT YISHAY', 23, 'עפולה', 23, 'עפולה', 0, NULL),
(126, 'שריד', 'SARID', 23, 'עפולה', 23, 'עפולה', 9, 'עמק יזרעאל'),
(127, 'רמת רחל', 'RAMAT RAHEL', 11, 'ירושלים', 11, 'ירושלים', 26, 'מטה יהודה'),
(128, 'גת רימון', 'GAT RIMMON', 42, 'פתח תקווה', 42, 'פתח תקוה', 20, 'דרום השרון'),
(130, 'משמר העמק', 'MISHMAR HAEMEQ', 23, 'עפולה', 23, 'עפולה', 13, 'מגידו'),
(132, 'כפר ברוך', 'KEFAR BARUKH', 23, 'עפולה', 23, 'עפולה', 9, 'עמק יזרעאל'),
(133, 'גבת', 'GEVAT', 23, 'עפולה', 23, 'עפולה', 9, 'עמק יזרעאל'),
(134, 'יפעת', 'YIF\'AT', 23, 'עפולה', 23, 'עפולה', 9, 'עמק יזרעאל'),
(135, 'רמת דוד', 'RAMAT DAWID', 23, 'עפולה', 23, 'עפולה', 9, 'עמק יזרעאל'),
(139, 'עין שמר', 'EN SHEMER', 32, 'חדרה', 32, 'חדרה', 14, 'מנשה'),
(140, 'כפר יהושע', 'KEFAR YEHOSHUA', 23, 'עפולה', 23, 'עפולה', 9, 'עמק יזרעאל'),
(141, 'ברק', 'BARAQ', 23, 'עפולה', 23, 'עפולה', 8, 'הגלבוע'),
(142, 'שדה יעקב', 'SEDE YA\'AQOV', 23, 'עפולה', 23, 'עפולה', 9, 'עמק יזרעאל'),
(143, 'בית זרע', 'BET ZERA', 22, 'כנרת', 22, 'טבריה', 6, 'עמק הירדן'),
(144, 'גן שלמה', 'GAN SHELOMO', 44, 'רחובות', 44, 'רחובות', 28, 'ברנר'),
(145, 'גדיש', 'GADISH', 23, 'עפולה', 23, 'עפולה', 8, 'הגלבוע'),
(146, 'דבורה', 'DEVORA', 23, 'עפולה', 23, 'עפולה', 8, 'הגלבוע'),
(147, 'גבעת ברנר', 'GIV\'AT BRENNER', 44, 'רחובות', 44, 'רחובות', 28, 'ברנר'),
(154, 'תל מונד', 'TEL MOND', 41, 'השרון', 41, 'נתניה', 0, NULL),
(155, 'באר טוביה', 'BE\'ER TUVEYA', 61, 'אשקלון', 61, 'אשקלון', 33, 'באר טוביה'),
(156, 'עיינות', 'AYANOT', 44, 'רחובות', 44, 'רחובות', 27, 'גן רווה'),
(157, 'עין ורד', 'EN WERED', 41, 'השרון', 41, 'נתניה', 18, 'לב השרון'),
(158, 'נען', 'NA\'AN', 43, 'רמלה', 43, 'רמלה', 30, 'גזר'),
(159, 'בית חנן', 'BET HANAN', 44, 'רחובות', 44, 'רחובות', 27, 'גן רווה'),
(160, 'חולדה', 'HULDA', 43, 'רמלה', 43, 'רמלה', 30, 'גזר'),
(162, 'חירות', 'HERUT', 41, 'השרון', 41, 'נתניה', 18, 'לב השרון'),
(163, 'תימורים', 'TIMMORIM', 61, 'אשקלון', 61, 'אשקלון', 33, 'באר טוביה'),
(164, 'מלאה', 'MELE\'A', 23, 'עפולה', 23, 'עפולה', 8, 'הגלבוע'),
(165, 'ניר יפה', 'NIR YAFE', 23, 'עפולה', 23, 'עפולה', 8, 'הגלבוע'),
(166, 'גן יבנה', 'GAN YAVNE', 44, 'רחובות', 44, 'רחובות', 0, NULL),
(167, 'עין החורש', 'EN HAHORESH', 41, 'השרון', 41, 'נתניה', 16, 'עמק חפר'),
(168, 'כפר יונה', 'KEFAR YONA', 41, 'השרון', 41, 'נתניה', 0, NULL),
(170, 'כפר יעבץ', 'KEFAR YA\'BEZ', 41, 'השרון', 41, 'נתניה', 18, 'לב השרון'),
(171, 'פרדסיה', 'PARDESIYYA', 41, 'השרון', 41, 'נתניה', 0, NULL),
(173, 'גבעת חיים )מאוחד(', 'GIV\'AT HAYYIM(ME\'UHA', 41, 'השרון', 41, 'נתניה', 16, 'עמק חפר'),
(174, 'נטעים', 'NETA\'IM', 44, 'רחובות', 44, 'רחובות', 27, 'גן רווה'),
(175, 'אביחיל', 'AVIHAYIL', 41, 'השרון', 41, 'נתניה', 16, 'עמק חפר'),
(176, 'אפיקים', 'AFIQIM', 22, 'כנרת', 22, 'טבריה', 6, 'עמק הירדן'),
(177, 'כפר ביל\"ו', 'KEFAR BILU', 44, 'רחובות', 44, 'רחובות', 30, 'גזר'),
(178, 'רמת יוחנן', 'RAMAT YOHANAN', 31, 'חיפה', 31, 'חיפה', 12, 'זבולון'),
(182, 'אבן יהודה', 'EVEN YEHUDA', 41, 'השרון', 41, 'נתניה', 0, NULL),
(183, 'ירקונה', 'YARQONA', 42, 'פתח תקווה', 47, 'כפר סבא', 20, 'דרום השרון'),
(184, 'רמת הכובש', 'RAMAT HAKOVESH', 42, 'פתח תקווה', 47, 'כפר סבא', 20, 'דרום השרון'),
(186, 'נעורים', 'NE\'URIM', 41, 'השרון', 41, 'נתניה', 16, 'עמק חפר'),
(187, 'כפר הס', 'KEFAR HESS', 41, 'השרון', 41, 'נתניה', 18, 'לב השרון'),
(188, 'אשדות יעקב  )מאוחד(', 'ASHDOT YA\'AQOV(ME\'UH', 22, 'כנרת', 22, 'טבריה', 6, 'עמק הירדן'),
(189, 'כפר פינס', 'KEFAR PINES', 32, 'חדרה', 32, 'חדרה', 14, 'מנשה'),
(190, 'כפר ויתקין', 'KEFAR VITKIN', 41, 'השרון', 41, 'נתניה', 16, 'עמק חפר'),
(191, 'הדר עם', 'HADAR AM', 41, 'השרון', 41, 'נתניה', 16, 'עמק חפר'),
(192, 'כפר החורש', 'KEFAR HAHORESH', 23, 'עפולה', 23, 'עפולה', 9, 'עמק יזרעאל'),
(193, 'כפר חיים', 'KEFAR HAYYIM', 41, 'השרון', 41, 'נתניה', 16, 'עמק חפר'),
(194, 'משמר השרון', 'MISHMAR HASHARON', 41, 'השרון', 41, 'נתניה', 16, 'עמק חפר'),
(195, 'קדימה-צורן', 'QADIMA-ZORAN', 41, 'השרון', 41, 'נתניה', 0, NULL),
(196, 'גיבתון', 'GIBBETON', 44, 'רחובות', 44, 'רחובות', 28, 'ברנר'),
(197, 'מעברות', 'MA\'BAROT', 41, 'השרון', 41, 'נתניה', 16, 'עמק חפר'),
(198, 'צופית', 'ZOFIT', 42, 'פתח תקווה', 47, 'כפר סבא', 20, 'דרום השרון'),
(199, 'אשדות יעקב  )איחוד(', 'ASHDOT YA\'AQOV(IHUD)', 22, 'כנרת', 22, 'טבריה', 6, 'עמק הירדן'),
(200, 'בית ינאי', 'BET YANNAY', 41, 'השרון', 41, 'נתניה', 16, 'עמק חפר'),
(202, 'בית עובד', 'BET OVED', 44, 'רחובות', 44, 'רחובות', 27, 'גן רווה'),
(204, 'אלישיב', 'ELYASHIV', 41, 'השרון', 32, 'חדרה', 16, 'עמק חפר'),
(205, 'חגלה', 'HOGLA', 41, 'השרון', 32, 'חדרה', 16, 'עמק חפר'),
(206, 'רמות השבים', 'RAMOT HASHAVIM', 42, 'פתח תקווה', 47, 'כפר סבא', 20, 'דרום השרון'),
(207, 'גבעת ח\"ן', 'GIV\'AT HEN', 42, 'פתח תקווה', 47, 'כפר סבא', 20, 'דרום השרון'),
(208, 'מוצא עילית', 'MOZA ILLIT', 11, 'ירושלים', 11, 'ירושלים', 26, 'מטה יהודה'),
(212, 'בית צבי', 'BET ZEVI', 32, 'חדרה', 32, 'חדרה', 15, 'חוף הכרמל'),
(213, 'משמרות', 'MISHMAROT', 32, 'חדרה', 32, 'חדרה', 14, 'מנשה'),
(217, 'כפר הרא\"ה', 'KEFAR HARO\'E', 41, 'השרון', 32, 'חדרה', 16, 'עמק חפר'),
(218, 'גני עם', 'GANNE AM', 42, 'פתח תקווה', 47, 'כפר סבא', 20, 'דרום השרון'),
(219, 'חיבת ציון', 'HIBBAT ZIYYON', 41, 'השרון', 32, 'חדרה', 16, 'עמק חפר'),
(220, 'כפר ביאליק', 'KEFAR BIALIK', 31, 'חיפה', 31, 'חיפה', 12, 'זבולון'),
(223, 'עין עירון', 'EN IRON', 32, 'חדרה', 32, 'חדרה', 14, 'מנשה'),
(224, 'שושנת העמקים', 'SHOSHANNAT HAAMAQIM', 41, 'השרון', 41, 'נתניה', 16, 'עמק חפר'),
(225, 'גן השומרון', 'GAN HASHOMERON', 32, 'חדרה', 32, 'חדרה', 14, 'מנשה'),
(229, 'גני תקווה', 'GANNE TIQWA', 42, 'פתח תקווה', 42, 'פתח תקוה', 0, NULL),
(230, 'מעש', 'MA\'AS', 42, 'פתח תקווה', 42, 'פתח תקוה', 20, 'דרום השרון'),
(232, 'שפיים', 'SHEFAYIM', 41, 'השרון', 41, 'נתניה', 19, 'חוף השרון'),
(233, 'כפר ידידיה', 'YEDIDYA', 41, 'השרון', 41, 'נתניה', 16, 'עמק חפר'),
(234, 'ביצרון', 'BIZZARON', 61, 'אשקלון', 61, 'אשקלון', 33, 'באר טוביה'),
(235, 'חבצלת השרון', 'HAVAZZELET HASHARON', 41, 'השרון', 41, 'נתניה', 16, 'עמק חפר'),
(237, 'שער העמקים', 'SHA\'AR HAAMAQIM', 31, 'חיפה', 31, 'חיפה', 12, 'זבולון'),
(239, 'גן חיים', 'GAN HAYYIM', 42, 'פתח תקווה', 47, 'כפר סבא', 20, 'דרום השרון'),
(240, 'יקנעם עילית', 'YOQNE\'AM ILLIT', 23, 'עפולה', 23, 'עפולה', 0, NULL),
(241, 'יקנעם )מושבה(', 'YOQNE\'AM(MOSHAVA)', 23, 'עפולה', 23, 'עפולה', 13, 'מגידו'),
(242, 'בית השיטה', 'BET HASHITTA', 23, 'עפולה', 23, 'עפולה', 8, 'הגלבוע'),
(246, 'נתיבות', 'NETIVOT', 62, 'באר שבע', 62, 'באר שבע', 0, NULL),
(247, 'רשפון', 'RISHPON', 41, 'השרון', 41, 'נתניה', 19, 'חוף השרון'),
(248, 'בית שערים', 'BET SHE\'ARIM', 23, 'עפולה', 23, 'עפולה', 9, 'עמק יזרעאל'),
(249, 'כפר סירקין', 'KEFAR SIRKIN', 42, 'פתח תקווה', 42, 'פתח תקוה', 20, 'דרום השרון'),
(250, 'הזורע', 'HAZOREA', 23, 'עפולה', 23, 'עפולה', 13, 'מגידו'),
(252, 'ביתן אהרן', 'BITAN AHARON', 41, 'השרון', 41, 'נתניה', 16, 'עמק חפר'),
(253, 'חולתה', 'HULATA', 21, 'צפת', 21, 'צפת', 1, 'הגליל העליון'),
(254, 'כפר המכבי', 'KEFAR HAMAKKABI', 31, 'חיפה', 31, 'חיפה', 12, 'זבולון'),
(255, 'כפר חיטים', 'KEFAR HITTIM', 22, 'כנרת', 22, 'טבריה', 3, 'הגליל התחתון'),
(256, 'ניר דוד )תל עמל(', 'NIR DAWID (TEL AMAL)', 23, 'עפולה', 23, 'עפולה', 7, 'עמק המעיינות'),
(257, 'נופך', 'NOFEKH', 42, 'פתח תקווה', 42, 'פתח תקוה', 25, 'חבל מודיעין'),
(259, 'שדה נחום', 'SEDE NAHUM', 23, 'עפולה', 23, 'עפולה', 7, 'עמק המעיינות'),
(262, 'גינוסר', 'GINNOSAR', 22, 'כנרת', 22, 'טבריה', 6, 'עמק הירדן'),
(263, 'מסדה', 'MASSADA', 22, 'כנרת', 22, 'טבריה', 6, 'עמק הירדן'),
(264, 'שער הגולן', 'SHA\'AR HAGOLAN', 22, 'כנרת', 22, 'טבריה', 6, 'עמק הירדן'),
(265, 'בית יוסף', 'BET YOSEF', 23, 'עפולה', 23, 'עפולה', 7, 'עמק המעיינות'),
(267, 'כפר שמריהו', 'KEFAR SHEMARYAHU', 51, 'תל אביב', 57, 'הרצליה', 0, NULL),
(268, 'טירת צבי', 'TIRAT ZEVI', 23, 'עפולה', 23, 'עפולה', 7, 'עמק המעיינות'),
(269, 'מולדת', 'MOLEDET', 23, 'עפולה', 23, 'עפולה', 8, 'הגלבוע'),
(270, 'עין השופט', 'EN HASHOFET', 23, 'עפולה', 23, 'עפולה', 13, 'מגידו'),
(272, 'מעוז חיים', 'MA\'OZ HAYYIM', 23, 'עפולה', 23, 'עפולה', 7, 'עמק המעיינות'),
(273, 'עין גב', 'EN GEV', 22, 'כנרת', 22, 'טבריה', 6, 'עמק הירדן'),
(274, 'כפר מנחם', 'KEFAR MENAHEM', 61, 'אשקלון', 61, 'אשקלון', 35, 'יואב'),
(276, 'צור משה', 'ZUR MOSHE', 41, 'השרון', 41, 'נתניה', 18, 'לב השרון'),
(278, 'אושה', 'USHA', 31, 'חיפה', 31, 'חיפה', 12, 'זבולון'),
(280, 'חניתה', 'HANITA', 24, 'עכו', 24, 'עכו', 4, 'מטה אשר'),
(281, 'פקיעין חדשה', 'PEQI\'IN HADASHA', 24, 'עכו', 24, 'עכו', 52, 'מעלה יוסף'),
(282, 'שבי ציון', 'SHAVE ZIYYON', 24, 'עכו', 24, 'עכו', 4, 'מטה אשר'),
(284, 'שדה ורבורג', 'SEDE WARBURG', 42, 'פתח תקווה', 47, 'כפר סבא', 20, 'דרום השרון'),
(285, 'אלונים', 'ALLONIM', 23, 'עפולה', 23, 'עפולה', 9, 'עמק יזרעאל'),
(286, 'מעלה החמישה', 'MA\'ALE HAHAMISHA', 11, 'ירושלים', 13, 'בית שמש', 26, 'מטה יהודה'),
(287, 'תל יצחק', 'TEL YIZHAQ', 41, 'השרון', 41, 'נתניה', 19, 'חוף השרון'),
(288, 'בית יהושע', 'BET YEHOSHUA', 41, 'השרון', 41, 'נתניה', 19, 'חוף השרון'),
(289, 'עין המפרץ', 'EN HAMIFRAZ', 24, 'עכו', 24, 'עכו', 4, 'מטה אשר'),
(290, 'מעין צבי', 'MA\'YAN ZEVI', 32, 'חדרה', 32, 'חדרה', 15, 'חוף הכרמל'),
(292, 'שרונה', 'SHARONA', 22, 'כנרת', 22, 'טבריה', 3, 'הגליל התחתון'),
(293, 'שדה יואב', 'SEDE YO\'AV', 61, 'אשקלון', 61, 'אשקלון', 35, 'יואב'),
(294, 'אילון', 'ELON', 24, 'עכו', 24, 'עכו', 4, 'מטה אשר'),
(295, 'כפר רופין', 'KEFAR RUPPIN', 23, 'עפולה', 23, 'עפולה', 7, 'עמק המעיינות'),
(296, 'נווה איתן', 'NEWE ETAN', 23, 'עפולה', 23, 'עפולה', 7, 'עמק המעיינות'),
(297, 'כפר מסריק', 'KEFAR MASARYK', 24, 'עכו', 24, 'עכו', 4, 'מטה אשר'),
(298, 'מסילות', 'MESILLOT', 23, 'עפולה', 23, 'עפולה', 7, 'עמק המעיינות'),
(300, 'דליה', 'DALIYYA', 23, 'עפולה', 23, 'עפולה', 13, 'מגידו'),
(301, 'בית עוזיאל', 'BET UZZI\'EL', 43, 'רמלה', 43, 'רמלה', 30, 'גזר'),
(302, 'דפנה', 'DAFNA', 21, 'צפת', 21, 'צפת', 1, 'הגליל העליון'),
(303, 'דן', 'DAN', 21, 'צפת', 21, 'צפת', 1, 'הגליל העליון'),
(304, 'שדה אליהו', 'SEDE ELIYYAHU', 23, 'עפולה', 23, 'עפולה', 7, 'עמק המעיינות'),
(305, 'גשר', 'GESHER', 22, 'כנרת', 22, 'טבריה', 7, 'עמק המעיינות'),
(306, 'שדמות דבורה', 'SHADMOT DEVORA', 22, 'כנרת', 22, 'טבריה', 3, 'הגליל התחתון'),
(307, 'הזורעים', 'HAZORE\'IM', 22, 'כנרת', 22, 'טבריה', 3, 'הגליל התחתון'),
(308, 'מחניים', 'MAHANAYIM', 21, 'צפת', 21, 'צפת', 1, 'הגליל העליון'),
(309, 'נהורה', 'NEHORA', 61, 'אשקלון', 61, 'אשקלון', 50, 'לכיש'),
(310, 'כפר גליקסון', 'KEFAR GLIKSON', 32, 'חדרה', 32, 'חדרה', 14, 'מנשה'),
(311, 'גן שורק', 'GAN SOREQ', 44, 'רחובות', 44, 'רחובות', 27, 'גן רווה'),
(312, 'נווה ים', 'NEWE YAM', 32, 'חדרה', 32, 'חדרה', 15, 'חוף הכרמל'),
(313, 'אפק', 'AFEQ', 24, 'עכו', 24, 'עכו', 4, 'מטה אשר'),
(315, 'נגבה', 'NEGBA', 61, 'אשקלון', 61, 'אשקלון', 35, 'יואב'),
(316, 'כפר נטר', 'KEFAR NETTER', 41, 'השרון', 41, 'נתניה', 19, 'חוף השרון'),
(317, 'בית אורן', 'BET OREN', 32, 'חדרה', 32, 'חדרה', 15, 'חוף הכרמל'),
(318, 'עמיעוז', 'AMMI\'OZ', 62, 'באר שבע', 62, 'באר שבע', 38, 'אשכול'),
(319, 'עמיר', 'AMIR', 21, 'צפת', 21, 'צפת', 1, 'הגליל העליון'),
(320, 'כפר ורבורג', 'KEFAR WARBURG', 61, 'אשקלון', 61, 'אשקלון', 33, 'באר טוביה'),
(322, 'בית הלל', 'BET HILLEL', 21, 'צפת', 21, 'צפת', 55, 'מבואות החרמון'),
(324, 'שאר ישוב', 'SHE\'AR YASHUV', 21, 'צפת', 21, 'צפת', 55, 'מבואות החרמון'),
(325, 'מצובה', 'MAZZUVA', 24, 'עכו', 24, 'עכו', 4, 'מטה אשר'),
(326, 'בית יצחק-שער חפר', 'BET YIZHAQ-SH. HEFER', 41, 'השרון', 41, 'נתניה', 16, 'עמק חפר'),
(327, 'שדות ים', 'SEDOT YAM', 32, 'חדרה', 32, 'חדרה', 15, 'חוף הכרמל'),
(328, 'עזוז', 'EZUZ', 62, 'באר שבע', 62, 'באר שבע', 48, 'רמת נגב'),
(329, 'שדה נחמיה', 'SEDE NEHEMYA', 21, 'צפת', 21, 'צפת', 1, 'הגליל העליון'),
(330, 'אלומות', 'ALUMMOT', 22, 'כנרת', 22, 'טבריה', 6, 'עמק הירדן'),
(331, 'ניר צבי', 'NIR ZEVI', 43, 'רמלה', 43, 'רמלה', 40, 'שדות דן'),
(334, 'קבוצת יבנה', 'QEVUZAT YAVNE', 44, 'רחובות', 44, 'רחובות', 29, 'חבל יבנה'),
(335, 'רמת השופט', 'RAMAT HASHOFET', 23, 'עפולה', 23, 'עפולה', 13, 'מגידו'),
(336, 'דורות', 'DOROT', 61, 'אשקלון', 61, 'אשקלון', 37, 'שער הנגב'),
(338, 'איבים', 'IBBIM', 61, 'אשקלון', 61, 'אשקלון', 37, 'שער הנגב'),
(339, 'רמת צבי', 'RAMAT ZEVI', 23, 'עפולה', 23, 'עפולה', 8, 'הגלבוע'),
(340, 'גת )קיבוץ(', 'GAT(QIBBUZ)', 61, 'אשקלון', 61, 'אשקלון', 35, 'יואב'),
(342, 'גברעם', 'GEVAR\'AM', 61, 'אשקלון', 61, 'אשקלון', 36, 'חוף אשקלון'),
(343, 'חמדיה', 'HAMADYA', 23, 'עפולה', 23, 'עפולה', 7, 'עמק המעיינות'),
(344, 'מענית', 'MA\'ANIT', 32, 'חדרה', 32, 'חדרה', 14, 'מנשה'),
(345, 'כפר סאלד', 'KEFAR SZOLD', 21, 'צפת', 21, 'צפת', 1, 'הגליל העליון'),
(346, 'גליל ים', 'GELIL YAM', 51, 'תל אביב', 57, 'הרצליה', 19, 'חוף השרון'),
(347, 'מנרה', 'MENNARA', 21, 'צפת', 21, 'צפת', 1, 'הגליל העליון'),
(348, 'ניר עם', 'NIR AM', 61, 'אשקלון', 61, 'אשקלון', 37, 'שער הנגב'),
(351, 'ניצן', 'NIZZAN', 61, 'אשקלון', 61, 'אשקלון', 36, 'חוף אשקלון'),
(352, 'גבולות', 'GEVULOT', 62, 'באר שבע', 62, 'באר שבע', 38, 'אשכול'),
(353, 'בית זיד', 'BET ZEID', 23, 'עפולה', 23, 'עפולה', 9, 'עמק יזרעאל'),
(354, 'רביבים', 'REVIVIM', 62, 'באר שבע', 62, 'באר שבע', 48, 'רמת נגב'),
(355, 'חורשים', 'HORESHIM', 42, 'פתח תקווה', 349, 'ראש העין', 20, 'דרום השרון'),
(356, 'הגושרים', 'HAGOSHERIM', 21, 'צפת', 21, 'צפת', 1, 'הגליל העליון'),
(357, 'כפר בלום', 'KEFAR BLUM', 21, 'צפת', 21, 'צפת', 1, 'הגליל העליון'),
(358, 'יד מרדכי', 'YAD MORDEKHAY', 61, 'אשקלון', 61, 'אשקלון', 36, 'חוף אשקלון'),
(359, 'ניצנים', 'NIZZANIM', 61, 'אשקלון', 61, 'אשקלון', 36, 'חוף אשקלון'),
(360, 'גבעת ניל\"י', 'GIV\'AT NILI', 32, 'חדרה', 32, 'חדרה', 45, 'אלונה'),
(362, 'רוחמה', 'RUHAMA', 61, 'אשקלון', 61, 'אשקלון', 37, 'שער הנגב'),
(363, 'חפץ חיים', 'HAFEZ HAYYIM', 44, 'רחובות', 44, 'רחובות', 31, 'נחל שורק'),
(364, 'כפר אוריה', 'KEFAR URIYYA', 11, 'ירושלים', 13, 'בית שמש', 26, 'מטה יהודה'),
(365, 'בית קשת', 'BET QESHET', 22, 'כנרת', 22, 'טבריה', 3, 'הגליל התחתון'),
(366, 'שמיר', 'SHAMIR', 21, 'צפת', 21, 'צפת', 1, 'הגליל העליון'),
(367, 'עין העמק', 'EN HAEMEQ', 23, 'עפולה', 23, 'עפולה', 13, 'מגידו'),
(368, 'ביריה', 'BIRIYYA', 21, 'צפת', 21, 'צפת', 2, 'מרום הגליל'),
(369, 'גלעד )אבן יצחק(', 'EVEN YIZHAQ(GAL\'ED)', 23, 'עפולה', 23, 'עפולה', 13, 'מגידו'),
(370, 'גזר', 'GEZER', 43, 'רמלה', 43, 'רמלה', 30, 'גזר'),
(371, 'כדורי', 'KADOORIE', 22, 'כנרת', 22, 'טבריה', 3, 'הגליל התחתון'),
(372, 'רמות נפתלי', 'RAMOT NAFTALI', 21, 'צפת', 21, 'צפת', 55, 'מבואות החרמון'),
(373, 'בית הלוי', 'BET HALEVI', 41, 'השרון', 41, 'נתניה', 16, 'עמק חפר'),
(374, 'חוקוק', 'HUQOQ', 22, 'כנרת', 22, 'טבריה', 6, 'עמק הירדן'),
(375, 'מגל', 'MAGGAL', 32, 'חדרה', 32, 'חדרה', 14, 'מנשה'),
(376, 'עברון', 'EVRON', 24, 'עכו', 24, 'עכו', 4, 'מטה אשר'),
(377, 'המעפיל', 'HAMA\'PIL', 41, 'השרון', 32, 'חדרה', 16, 'עמק חפר'),
(378, 'משגב עם', 'MISGAV AM', 21, 'צפת', 21, 'צפת', 1, 'הגליל העליון'),
(379, 'גאולים', 'GE\'ULIM', 41, 'השרון', 41, 'נתניה', 18, 'לב השרון'),
(380, 'להבות הבשן', 'LAHAVOT HABASHAN', 21, 'צפת', 21, 'צפת', 1, 'הגליל העליון'),
(382, 'מכמורת', 'MIKHMORET', 41, 'השרון', 41, 'נתניה', 16, 'עמק חפר'),
(383, 'עין הנצי\"ב', 'EN HANAZIV', 23, 'עפולה', 23, 'עפולה', 7, 'עמק המעיינות'),
(385, 'עמיעד', 'AMMI\'AD', 21, 'צפת', 21, 'צפת', 1, 'הגליל העליון'),
(386, 'בני דרור', 'BENE DEROR', 41, 'השרון', 41, 'נתניה', 18, 'לב השרון'),
(387, 'כפר מונש', 'KEFAR MONASH', 41, 'השרון', 41, 'נתניה', 16, 'עמק חפר'),
(388, 'כפר קיש', 'KEFAR KISH', 22, 'כנרת', 22, 'טבריה', 3, 'הגליל התחתון'),
(389, 'בצרה', 'BAZRA', 41, 'השרון', 41, 'נתניה', 19, 'חוף השרון'),
(390, 'רגבה', 'REGBA', 24, 'עכו', 24, 'עכו', 4, 'מטה אשר'),
(392, 'קדמה', 'QEDMA', 61, 'אשקלון', 61, 'אשקלון', 35, 'יואב'),
(393, 'גלאון', 'GAL\'ON', 61, 'אשקלון', 61, 'אשקלון', 35, 'יואב'),
(394, 'שובל', 'SHOVAL', 62, 'באר שבע', 62, 'באר שבע', 41, 'בני שמעון'),
(395, 'משמר הנגב', 'MISHMAR HANEGEV', 62, 'באר שבע', 62, 'באר שבע', 41, 'בני שמעון'),
(396, 'נבטים', 'NEVATIM', 62, 'באר שבע', 62, 'באר שבע', 41, 'בני שמעון'),
(397, 'חצרים', 'HAZERIM', 62, 'באר שבע', 62, 'באר שבע', 41, 'בני שמעון'),
(398, 'שרשרת', 'SHARSHERET', 62, 'באר שבע', 62, 'באר שבע', 39, 'שדות נגב'),
(399, 'בארי', 'BE\'ERI', 62, 'באר שבע', 62, 'באר שבע', 38, 'אשכול'),
(400, 'אבן שמואל', 'EVEN SHEMU\'EL', 61, 'אשקלון', 61, 'אשקלון', 34, 'שפיר'),
(402, 'ניר יצחק', 'NIR YIZHAQ', 62, 'באר שבע', 62, 'באר שבע', 38, 'אשכול'),
(403, 'אורים', 'URIM', 62, 'באר שבע', 62, 'באר שבע', 38, 'אשכול'),
(405, 'נווה אילן', 'NEWE ILAN', 11, 'ירושלים', 13, 'בית שמש', 26, 'מטה יהודה'),
(406, 'חצור-אשדוד', 'HAZOR-ASHDOD', 61, 'אשקלון', 61, 'אשקלון', 33, 'באר טוביה'),
(407, 'דברת', 'DAVERAT', 23, 'עפולה', 23, 'עפולה', 9, 'עמק יזרעאל'),
(408, 'נאות מרדכי', 'NE\'OT MORDEKHAY', 21, 'צפת', 21, 'צפת', 1, 'הגליל העליון'),
(409, 'יחיעם', 'YEHI\'AM', 24, 'עכו', 24, 'עכו', 4, 'מטה אשר'),
(412, 'קרית שלמה', 'QIRYAT SHELOMO', 41, 'השרון', 41, 'נתניה', 19, 'חוף השרון'),
(413, 'צאלים', 'ZE\'ELIM', 62, 'באר שבע', 62, 'באר שבע', 38, 'אשכול'),
(414, 'קלחים', 'QELAHIM', 62, 'באר שבע', 62, 'באר שבע', 42, 'מרחבים'),
(415, 'שוקדה', 'SHOQEDA', 62, 'באר שבע', 62, 'באר שבע', 39, 'שדות נגב'),
(416, 'מעין ברוך', 'MA\'YAN BARUKH', 21, 'צפת', 21, 'צפת', 1, 'הגליל העליון'),
(417, 'יקום', 'YAQUM', 41, 'השרון', 41, 'נתניה', 19, 'חוף השרון'),
(418, 'בני ציון', 'BENE ZIYYON', 41, 'השרון', 41, 'נתניה', 19, 'חוף השרון'),
(419, 'סעד', 'SA\'AD', 62, 'באר שבע', 62, 'באר שבע', 39, 'שדות נגב'),
(421, 'משאבי שדה', 'MASH\'ABBE SADE', 62, 'באר שבע', 62, 'באר שבע', 48, 'רמת נגב'),
(422, 'חרב לאת', 'HEREV LE\'ET', 41, 'השרון', 32, 'חדרה', 16, 'עמק חפר'),
(423, 'העוגן', 'HAOGEN', 41, 'השרון', 41, 'נתניה', 16, 'עמק חפר'),
(424, 'גבים', 'GEVIM', 61, 'אשקלון', 61, 'אשקלון', 37, 'שער הנגב'),
(425, 'משמרת', 'MISHMERET', 41, 'השרון', 41, 'נתניה', 18, 'לב השרון'),
(426, 'עין כרמל', 'EN KARMEL', 32, 'חדרה', 32, 'חדרה', 15, 'חוף הכרמל'),
(427, 'כפר גלים', 'KEFAR GALLIM', 31, 'חיפה', 31, 'חיפה', 15, 'חוף הכרמל'),
(428, 'ברור חיל', 'BEROR HAYIL', 61, 'אשקלון', 61, 'אשקלון', 37, 'שער הנגב'),
(429, 'אלוני אבא', 'ALLONE ABBA', 23, 'עפולה', 23, 'עפולה', 9, 'עמק יזרעאל'),
(430, 'בית לחם הגלילית', 'BET LEHEM HAGELILIT', 23, 'עפולה', 23, 'עפולה', 9, 'עמק יזרעאל'),
(431, 'דלתון', 'DALTON', 21, 'צפת', 21, 'צפת', 2, 'מרום הגליל'),
(432, 'שמרת', 'SHAMERAT', 24, 'עכו', 24, 'עכו', 4, 'מטה אשר'),
(433, 'נחשולים', 'NAHSHOLIM', 32, 'חדרה', 32, 'חדרה', 15, 'חוף הכרמל'),
(434, 'החותרים', 'HAHOTERIM', 32, 'חדרה', 32, 'חדרה', 15, 'חוף הכרמל'),
(435, 'נצר סרני', 'NEZER SERENI', 43, 'רמלה', 43, 'רמלה', 30, 'גזר'),
(436, 'עין דור', 'EN DOR', 23, 'עפולה', 23, 'עפולה', 9, 'עמק יזרעאל'),
(437, 'רשפים', 'RESHAFIM', 23, 'עפולה', 23, 'עפולה', 7, 'עמק המעיינות'),
(439, 'שלוחות', 'SHELUHOT', 23, 'עפולה', 23, 'עפולה', 7, 'עמק המעיינות'),
(440, 'יסודות', 'YESODOT', 44, 'רחובות', 44, 'רחובות', 31, 'נחל שורק'),
(442, 'גדעונה', 'GID\'ONA', 23, 'עפולה', 23, 'עפולה', 8, 'הגלבוע'),
(443, 'כפר הנשיא', 'KEFAR HANASI', 21, 'צפת', 21, 'צפת', 1, 'הגליל העליון'),
(444, 'רגבים', 'REGAVIM', 32, 'חדרה', 32, 'חדרה', 14, 'מנשה'),
(445, 'רמות מנשה', 'RAMOT MENASHE', 23, 'עפולה', 23, 'עפולה', 13, 'מגידו'),
(446, 'אודים', 'UDIM', 41, 'השרון', 41, 'נתניה', 19, 'חוף השרון'),
(447, 'נורדיה', 'NORDIYYA', 41, 'השרון', 41, 'נתניה', 18, 'לב השרון'),
(448, 'בני עטרות', 'BENE ATAROT', 42, 'פתח תקווה', 42, 'פתח תקוה', 25, 'חבל מודיעין'),
(449, 'נחלים', 'NEHALIM', 42, 'פתח תקווה', 42, 'פתח תקוה', 25, 'חבל מודיעין'),
(450, 'בארות יצחק', 'BE\'EROT YIZHAQ', 42, 'פתח תקווה', 42, 'פתח תקוה', 25, 'חבל מודיעין'),
(452, 'יזרעאל', 'YIZRE\'EL', 23, 'עפולה', 23, 'עפולה', 8, 'הגלבוע'),
(453, 'יפתח', 'YIFTAH', 21, 'צפת', 21, 'צפת', 1, 'הגליל העליון'),
(454, 'סער', 'SA\'AR', 24, 'עכו', 24, 'עכו', 4, 'מטה אשר'),
(456, 'שורש', 'SHORESH', 11, 'ירושלים', 13, 'בית שמש', 26, 'מטה יהודה'),
(457, 'גזית', 'GAZIT', 23, 'עפולה', 23, 'עפולה', 9, 'עמק יזרעאל'),
(460, 'רמת רזיאל', 'RAMAT RAZI\'EL', 11, 'ירושלים', 13, 'בית שמש', 26, 'מטה יהודה'),
(462, 'טל שחר', 'TAL SHAHAR', 11, 'ירושלים', 13, 'בית שמש', 26, 'מטה יהודה'),
(463, 'געתון', 'GA\'TON', 24, 'עכו', 24, 'עכו', 4, 'מטה אשר'),
(464, 'הראל', 'HAR\'EL', 11, 'ירושלים', 13, 'בית שמש', 26, 'מטה יהודה'),
(465, 'צובה', 'ZOVA', 11, 'ירושלים', 13, 'בית שמש', 26, 'מטה יהודה'),
(466, 'בית דגן', 'BET DAGAN', 43, 'רמלה', 43, 'רמלה', 0, NULL),
(469, 'קרית עקרון', 'QIRYAT EQRON', 44, 'רחובות', 44, 'רחובות', 0, NULL),
(472, 'אבו גוש', 'ABU GHOSH', 11, 'ירושלים', 11, 'ירושלים', 0, NULL),
(473, 'אבו סנאן', 'ABU SINAN', 24, 'עכו', 24, 'עכו', 0, NULL),
(475, 'דחי', 'DAHI', 23, 'עפולה', 23, 'עפולה', 66, 'בוסתאן אל-מרג\''),
(478, 'אכסאל', 'IKSAL', 23, 'עפולה', 23, 'עפולה', 0, NULL),
(480, 'בית ג\'ן', 'BEIT JANN', 24, 'עכו', 20, 'כרמיאל', 0, NULL),
(481, 'מגאר', 'MUGHAR', 22, 'כנרת', 22, 'טבריה', 0, NULL),
(482, 'בועיינה-נוג\'ידאת', 'BU\'EINE-NUJEIDAT', 25, 'נצרת', 25, 'נצרת עילית', 0, NULL),
(483, 'בענה', 'BI NE', 24, 'עכו', 24, 'עכו', 0, NULL),
(485, 'ג\'ולס', 'JULIS', 24, 'עכו', 24, 'עכו', 0, NULL),
(487, 'ג\'ש )גוש חלב(', 'JISH(GUSH HALAV)', 21, 'צפת', 21, 'צפת', 0, NULL),
(489, 'דבוריה', 'DABBURYE', 23, 'עפולה', 23, 'עפולה', 0, NULL),
(490, 'דייר אל-אסד', 'DEIR AL-ASAD', 24, 'עכו', 24, 'עכו', 0, NULL),
(492, 'דייר חנא', 'DEIR HANNA', 24, 'עכו', 24, 'עכו', 0, NULL),
(493, 'דייר ראפאת', 'DEIR RAFAT', 11, 'ירושלים', 13, 'בית שמש', 26, 'מטה יהודה'),
(494, 'דאלית אל-כרמל', 'DALIYAT AL-KARMEL', 31, 'חיפה', 31, 'חיפה', 0, NULL),
(496, 'חורפיש', 'HURFEISH', 24, 'עכו', 24, 'עכו', 0, NULL),
(497, 'טייבה )בעמק(', 'TAYIBE(BAEMEQ)', 23, 'עפולה', 23, 'עפולה', 8, 'הגלבוע'),
(498, 'טורעאן', 'TUR\'AN', 25, 'נצרת', 25, 'נצרת עילית', 0, NULL),
(499, 'יפיע', 'YAFI', 25, 'נצרת', 25, 'נצרת עילית', 0, NULL),
(502, 'ירכא', 'YIRKA', 24, 'עכו', 24, 'עכו', 0, NULL),
(504, 'כאבול', 'KABUL', 24, 'עכו', 24, 'עכו', 0, NULL),
(505, 'כאוכב אבו אל-היג\'א', 'KAOKAB ABU AL-HIJA', 24, 'עכו', 24, 'עכו', 0, NULL),
(507, 'כפר יאסיף', 'KAFAR YASIF', 24, 'עכו', 24, 'עכו', 0, NULL),
(508, 'כפר כמא', 'KAFAR KAMA', 22, 'כנרת', 22, 'טבריה', 0, NULL),
(509, 'כפר כנא', 'KAFAR KANNA', 25, 'נצרת', 25, 'נצרת עילית', 0, NULL),
(510, 'כפר מנדא', 'KAFAR MANDA', 24, 'עכו', 25, 'נצרת עילית', 0, NULL),
(511, 'עילוט', 'ILUT', 25, 'נצרת', 25, 'נצרת עילית', 0, NULL),
(512, 'כפר מצר', 'KAFAR MISR', 25, 'נצרת', 23, 'עפולה', 66, 'בוסתאן אל-מרג\''),
(514, 'עין ראפה', 'EIN RAFA', 11, 'ירושלים', 11, 'ירושלים', 26, 'מטה יהודה'),
(516, 'מג\'ד אל-כרום', 'MAJD AL-KURUM', 24, 'עכו', 24, 'עכו', 0, NULL),
(517, 'מזרעה', 'MAZRA\'A', 24, 'עכו', 24, 'עכו', 0, NULL),
(518, 'מעיליא', 'MI\'ELYA', 24, 'עכו', 24, 'עכו', 0, NULL),
(520, 'משהד', 'MESHHED', 25, 'נצרת', 25, 'נצרת עילית', 0, NULL),
(521, 'עין נקובא', 'EIN NAQQUBA', 11, 'ירושלים', 11, 'ירושלים', 26, 'מטה יהודה'),
(522, 'נחף', 'NAHEF', 24, 'עכו', 20, 'כרמיאל', 0, NULL),
(523, 'ניין', 'NEIN', 23, 'עפולה', 23, 'עפולה', 66, 'בוסתאן אל-מרג\''),
(524, 'נאעורה', 'NA\'URA', 23, 'עפולה', 23, 'עפולה', 8, 'הגלבוע'),
(525, 'סאג\'ור', 'SAJUR', 24, 'עכו', 20, 'כרמיאל', 0, NULL),
(526, 'סולם', 'SULAM', 23, 'עפולה', 23, 'עפולה', 66, 'בוסתאן אל-מרג\''),
(527, 'שזור', 'SHEZOR', 24, 'עכו', 21, 'צפת', 2, 'מרום הגליל'),
(528, 'עוזייר', 'UZEIR', 25, 'נצרת', 25, 'נצרת עילית', 65, 'אל-בטוף'),
(529, 'אעבלין', 'I\'BILLIN', 24, 'עכו', 24, 'עכו', 0, NULL),
(530, 'עיילבון', 'EILABUN', 22, 'כנרת', 22, 'טבריה', 0, NULL),
(531, 'עראבה', 'ARRABE', 24, 'עכו', 24, 'עכו', 0, NULL),
(532, 'עין מאהל', 'EIN MAHEL', 25, 'נצרת', 25, 'נצרת עילית', 0, NULL),
(534, 'עספיא', 'ISIFYA', 31, 'חיפה', 31, 'חיפה', 0, NULL),
(535, 'פסוטה', 'FASSUTA', 24, 'עכו', 24, 'עכו', 0, NULL),
(536, 'פקיעין )בוקייעה(', 'PEQI\'IN (BUQEI\'A)', 24, 'עכו', 24, 'עכו', 0, NULL),
(537, 'פוריידיס', 'FUREIDIS', 32, 'חדרה', 32, 'חדרה', 0, NULL),
(538, 'שעב', 'SHA\'AB', 24, 'עכו', 24, 'עכו', 0, NULL),
(539, 'רומאנה', 'RUMMANE', 25, 'נצרת', 25, 'נצרת עילית', 65, 'אל-בטוף'),
(540, 'ריחאניה', 'REIHANIYYE', 21, 'צפת', 21, 'צפת', 2, 'מרום הגליל'),
(541, 'ג\'סר א-זרקא', 'JISR AZ-ZARQA', 32, 'חדרה', 32, 'חדרה', 0, NULL),
(542, 'ריינה', 'REINE', 25, 'נצרת', 25, 'נצרת עילית', 0, NULL),
(543, 'ראמה', 'RAME', 24, 'עכו', 20, 'כרמיאל', 0, NULL),
(546, 'עין אל-אסד', 'EIN AL-ASAD', 24, 'עכו', 21, 'צפת', 2, 'מרום הגליל'),
(547, 'טמרה )יזרעאל(', 'TAMRA (YIZRE\'EL)', 23, 'עפולה', 23, 'עפולה', 8, 'הגלבוע'),
(549, 'גנות הדר', 'GANNOT HADAR', 41, 'השרון', 41, 'נתניה', 18, 'לב השרון'),
(553, 'ניר בנים', 'NIR BANIM', 61, 'אשקלון', 61, 'אשקלון', 33, 'באר טוביה'),
(555, 'שדמה', 'SHEDEMA', 44, 'רחובות', 44, 'רחובות', 32, 'גדרות'),
(559, 'בוסתן הגליל', 'BUSTAN HAGALIL', 24, 'עכו', 24, 'עכו', 4, 'מטה אשר'),
(562, 'בית אלעזרי', 'BET EL\'AZARI', 44, 'רחובות', 44, 'רחובות', 28, 'ברנר'),
(563, 'משמר דוד', 'MISHMAR DAWID', 43, 'רמלה', 43, 'רמלה', 30, 'גזר'),
(564, 'רבדים', 'REVADIM', 61, 'אשקלון', 61, 'אשקלון', 35, 'יואב'),
(565, 'אזור', 'AZOR', 53, 'חולון', 53, 'חולון', 0, NULL),
(566, 'גבעת שמש', 'GIV\'AT SHEMESH', 11, 'ירושלים', 13, 'בית שמש', 26, 'מטה יהודה'),
(567, 'צרעה', 'ZOR\'A', 11, 'ירושלים', 13, 'בית שמש', 26, 'מטה יהודה'),
(570, 'מעונה', 'ME\'ONA', 24, 'עכו', 24, 'עכו', 52, 'מעלה יוסף'),
(571, 'בית גמליאל', 'BET GAMLI\'EL', 44, 'רחובות', 44, 'רחובות', 29, 'חבל יבנה'),
(572, 'בית העמק', 'BET HAEMEQ', 24, 'עכו', 24, 'עכו', 4, 'מטה אשר'),
(573, 'מבקיעים', 'MAVQI\'IM', 61, 'אשקלון', 61, 'אשקלון', 36, 'חוף אשקלון'),
(574, 'גשר הזיו', 'GESHER HAZIW', 24, 'עכו', 24, 'עכו', 4, 'מטה אשר'),
(575, 'יסעור', 'YAS\'UR', 24, 'עכו', 24, 'עכו', 4, 'מטה אשר'),
(576, 'כברי', 'KABRI', 24, 'עכו', 24, 'עכו', 4, 'מטה אשר'),
(577, 'יד בנימין', 'YAD BINYAMIN', 44, 'רחובות', 44, 'רחובות', 31, 'נחל שורק'),
(578, 'סאסא', 'SASA', 21, 'צפת', 21, 'צפת', 1, 'הגליל העליון'),
(579, 'כפר ראש הנקרה', 'KEFAR ROSH HANIQRA', 24, 'עכו', 24, 'עכו', 4, 'מטה אשר'),
(580, 'כרם מהר\"ל', 'KEREM MAHARAL', 32, 'חדרה', 32, 'חדרה', 15, 'חוף הכרמל'),
(582, 'כפר הנגיד', 'KEFAR HANAGID', 44, 'רחובות', 44, 'רחובות', 27, 'גן רווה'),
(584, 'זיקים', 'ZIQIM', 61, 'אשקלון', 61, 'אשקלון', 36, 'חוף אשקלון'),
(585, 'לביא', 'LAVI', 22, 'כנרת', 22, 'טבריה', 3, 'הגליל התחתון'),
(586, 'מגידו', 'MEGIDDO', 23, 'עפולה', 23, 'עפולה', 13, 'מגידו'),
(587, 'סביון', 'SAVYON', 42, 'פתח תקווה', 42, 'פתח תקוה', 0, NULL),
(588, 'בני ראם', 'BENE RE\'EM', 44, 'רחובות', 44, 'רחובות', 31, 'נחל שורק'),
(589, 'בצת', 'BEZET', 24, 'עכו', 24, 'עכו', 4, 'מטה אשר'),
(590, 'נווה אור', 'NEWE UR', 23, 'עפולה', 23, 'עפולה', 7, 'עמק המעיינות'),
(591, 'עשרת', 'ASERET', 44, 'רחובות', 44, 'רחובות', 32, 'גדרות'),
(592, 'בני דרום', 'BENE DAROM', 44, 'רחובות', 44, 'רחובות', 29, 'חבל יבנה'),
(593, 'ערוגות', 'ARUGOT', 61, 'אשקלון', 61, 'אשקלון', 33, 'באר טוביה'),
(594, 'צפריה', 'ZAFRIYYA', 43, 'רמלה', 43, 'רמלה', 40, 'שדות דן'),
(595, 'לוחמי הגיטאות', 'LOHAME HAGETA\'OT', 24, 'עכו', 24, 'עכו', 4, 'מטה אשר'),
(596, 'מלכיה', 'MALKIYYA', 21, 'צפת', 21, 'צפת', 1, 'הגליל העליון'),
(597, 'פלמחים', 'PALMAHIM', 44, 'רחובות', 44, 'רחובות', 27, 'גן רווה'),
(598, 'בית קמה', 'BET QAMA', 62, 'באר שבע', 62, 'באר שבע', 41, 'בני שמעון'),
(599, 'פרוד', 'PAROD', 21, 'צפת', 21, 'צפת', 2, 'מרום הגליל'),
(602, 'נירים', 'NIRIM', 62, 'באר שבע', 62, 'באר שבע', 38, 'אשכול'),
(603, 'אלקוש', 'ELQOSH', 24, 'עכו', 24, 'עכו', 52, 'מעלה יוסף'),
(604, 'בית עריף', 'BET ARIF', 43, 'רמלה', 43, 'רמלה', 25, 'חבל מודיעין'),
(605, 'כפר שמאי', 'KEFAR SHAMMAY', 21, 'צפת', 21, 'צפת', 2, 'מרום הגליל'),
(606, 'מזור', 'MAZOR', 42, 'פתח תקווה', 42, 'פתח תקוה', 25, 'חבל מודיעין'),
(607, 'מירון', 'MERON', 21, 'צפת', 21, 'צפת', 2, 'מרום הגליל'),
(609, 'כפר חושן', 'KEFAR HOSHEN', 21, 'צפת', 21, 'צפת', 2, 'מרום הגליל'),
(610, 'סתריה', 'SITRIYYA', 43, 'רמלה', 43, 'רמלה', 30, 'גזר'),
(612, 'צרופה', 'ZERUFA', 32, 'חדרה', 32, 'חדרה', 15, 'חוף הכרמל'),
(613, 'ציפורי', 'ZIPPORI', 23, 'עפולה', 23, 'עפולה', 9, 'עמק יזרעאל'),
(614, 'שומרה', 'SHOMERA', 24, 'עכו', 24, 'עכו', 52, 'מעלה יוסף'),
(615, 'קדרון', 'QIDRON', 44, 'רחובות', 44, 'רחובות', 28, 'ברנר'),
(616, 'רינתיה', 'RINNATYA', 42, 'פתח תקווה', 42, 'פתח תקוה', 25, 'חבל מודיעין'),
(617, 'ברקאי', 'BARQAY', 32, 'חדרה', 32, 'חדרה', 14, 'מנשה'),
(618, 'חדיד', 'HADID', 43, 'רמלה', 43, 'רמלה', 25, 'חבל מודיעין'),
(619, 'בית גוברין', 'BET GUVRIN', 61, 'אשקלון', 61, 'אשקלון', 35, 'יואב'),
(620, 'משואות יצחק', 'MASSUOT YIZHAQ', 61, 'אשקלון', 61, 'אשקלון', 34, 'שפיר'),
(622, 'עין צורים', 'EN ZURIM', 61, 'אשקלון', 61, 'אשקלון', 34, 'שפיר'),
(623, 'יראון', 'YIR\'ON', 21, 'צפת', 21, 'צפת', 1, 'הגליל העליון'),
(627, 'ג\'לג\'וליה', 'JALJULYE', 42, 'פתח תקווה', 47, 'כפר סבא', 0, NULL),
(628, 'ג\'ת', 'JAAT', 32, 'חדרה', 32, 'חדרה', 0, NULL),
(633, 'כפר ברא', 'KAFAR BARA', 42, 'פתח תקווה', 42, 'פתח תקוה', 0, NULL),
(634, 'כפר קאסם', 'KAFAR QASEM', 42, 'פתח תקווה', 42, 'פתח תקוה', 0, NULL),
(635, 'מוקייבלה', 'MUQEIBLE', 23, 'עפולה', 23, 'עפולה', 8, 'הגלבוע'),
(636, 'צנדלה', 'SANDALA', 23, 'עפולה', 23, 'עפולה', 8, 'הגלבוע'),
(637, 'ערערה', 'AR\'ARA', 32, 'חדרה', 32, 'חדרה', 0, NULL),
(638, 'קלנסווה', 'QALANSAWE', 41, 'השרון', 41, 'נתניה', 0, NULL),
(648, 'מצר', 'MEZER', 32, 'חדרה', 32, 'חדרה', 14, 'מנשה'),
(649, 'מייסר', 'MEISER', 32, 'חדרה', 32, 'חדרה', 14, 'מנשה'),
(652, 'אבטין', 'IBTIN', 31, 'חיפה', 31, 'חיפה', 12, 'זבולון'),
(654, 'כפר קרע', 'KAFAR QARA', 32, 'חדרה', 32, 'חדרה', 0, NULL),
(658, 'שייח\' דנון', 'SHEIKH DANNUN', 24, 'עכו', 24, 'עכו', 4, 'מטה אשר'),
(661, 'שער אפרים', 'SHA\'AR EFRAYIM', 41, 'השרון', 41, 'נתניה', 18, 'לב השרון'),
(662, 'חוסן', 'HOSEN', 24, 'עכו', 24, 'עכו', 52, 'מעלה יוסף'),
(663, 'טירת יהודה', 'TIRAT YEHUDA', 42, 'פתח תקווה', 42, 'פתח תקוה', 25, 'חבל מודיעין'),
(664, 'כרם בן זמרה', 'KEREM BEN ZIMRA', 21, 'צפת', 21, 'צפת', 2, 'מרום הגליל'),
(665, 'תקומה', 'TEQUMA', 62, 'באר שבע', 62, 'באר שבע', 39, 'שדות נגב'),
(666, 'עומר', 'OMER', 62, 'באר שבע', 62, 'באר שבע', 0, NULL),
(667, 'ברעם', 'BAR\'AM', 21, 'צפת', 21, 'צפת', 1, 'הגליל העליון'),
(668, 'מפלסים', 'MEFALLESIM', 61, 'אשקלון', 61, 'אשקלון', 37, 'שער הנגב'),
(670, 'משמר איילון', 'MISHMAR AYYALON', 43, 'רמלה', 43, 'רמלה', 30, 'גזר'),
(672, 'בית נקופה', 'BET NEQOFA', 11, 'ירושלים', 11, 'ירושלים', 26, 'מטה יהודה'),
(673, 'כפר טרומן', 'KEFAR TRUMAN', 43, 'רמלה', 43, 'רמלה', 25, 'חבל מודיעין'),
(674, 'לימן', 'LIMAN', 24, 'עכו', 24, 'עכו', 4, 'מטה אשר'),
(675, 'הבונים', 'HABONIM', 32, 'חדרה', 32, 'חדרה', 15, 'חוף הכרמל'),
(676, 'עין השלושה', 'EN HASHELOSHA', 62, 'באר שבע', 62, 'באר שבע', 38, 'אשכול'),
(677, 'הסוללים', 'HASOLELIM', 23, 'עפולה', 23, 'עפולה', 9, 'עמק יזרעאל'),
(678, 'מעגן', 'MA\'AGAN', 22, 'כנרת', 22, 'טבריה', 6, 'עמק הירדן'),
(679, 'אביאל', 'AVI\'EL', 32, 'חדרה', 32, 'חדרה', 45, 'אלונה'),
(680, 'אומץ', 'OMEZ', 41, 'השרון', 41, 'נתניה', 16, 'עמק חפר'),
(681, 'גבעת שמואל', 'GIV\'AT SHEMU\'EL', 42, 'פתח תקווה', 42, 'פתח תקוה', 0, NULL),
(682, 'אליקים', 'ELYAQIM', 23, 'עפולה', 23, 'עפולה', 13, 'מגידו'),
(683, 'גבע כרמל', 'GEVA  KARMEL', 32, 'חדרה', 32, 'חדרה', 15, 'חוף הכרמל'),
(684, 'היוגב', 'HAYOGEV', 23, 'עפולה', 23, 'עפולה', 9, 'עמק יזרעאל'),
(685, 'בניה', 'BENAYA', 44, 'רחובות', 44, 'רחובות', 28, 'ברנר'),
(686, 'נווה ימין', 'NEWE YAMIN', 42, 'פתח תקווה', 47, 'כפר סבא', 20, 'דרום השרון'),
(687, 'עין איילה', 'EN AYYALA', 32, 'חדרה', 32, 'חדרה', 15, 'חוף הכרמל'),
(688, 'עלמה', 'ALMA', 21, 'צפת', 21, 'צפת', 2, 'מרום הגליל'),
(689, 'מגדים', 'MEGADIM', 32, 'חדרה', 32, 'חדרה', 15, 'חוף הכרמל'),
(690, 'כפר אחים', 'KEFAR AHIM', 61, 'אשקלון', 61, 'אשקלון', 33, 'באר טוביה'),
(692, 'שפיר', 'SHAFIR', 61, 'אשקלון', 61, 'אשקלון', 34, 'שפיר'),
(693, 'נתיב הל\"ה', 'NETIV HALAMED-HE', 11, 'ירושלים', 13, 'בית שמש', 26, 'מטה יהודה'),
(694, 'מעגן מיכאל', 'MA\'AGAN MIKHA\'EL', 32, 'חדרה', 32, 'חדרה', 15, 'חוף הכרמל'),
(695, 'מגן', 'MAGEN', 62, 'באר שבע', 62, 'באר שבע', 38, 'אשכול'),
(696, 'כפר חב\"ד', 'KEFAR HABAD', 43, 'רמלה', 43, 'רמלה', 40, 'שדות דן'),
(697, 'בארותיים', 'BE\'EROTAYIM', 41, 'השרון', 41, 'נתניה', 16, 'עמק חפר'),
(698, 'בורגתה', 'BURGETA', 41, 'השרון', 41, 'נתניה', 16, 'עמק חפר'),
(699, 'ניר ישראל', 'NIR YISRA\'EL', 61, 'אשקלון', 61, 'אשקלון', 36, 'חוף אשקלון'),
(700, 'חצב', 'HAZAV', 61, 'אשקלון', 61, 'אשקלון', 33, 'באר טוביה'),
(701, 'ארבל', 'ARBEL', 22, 'כנרת', 22, 'טבריה', 3, 'הגליל התחתון'),
(702, 'האון', 'HAON', 22, 'כנרת', 22, 'טבריה', 6, 'עמק הירדן'),
(703, 'גבעת עוז', 'GIV\'AT OZ', 23, 'עפולה', 23, 'עפולה', 13, 'מגידו'),
(705, 'נחשונים', 'NAHSHONIM', 42, 'פתח תקווה', 42, 'פתח תקוה', 20, 'דרום השרון'),
(706, 'גיאה', 'GE\'A', 61, 'אשקלון', 61, 'אשקלון', 36, 'חוף אשקלון'),
(707, 'כפר דניאל', 'KEFAR DANIYYEL', 43, 'רמלה', 43, 'רמלה', 25, 'חבל מודיעין'),
(708, 'עמקה', 'AMQA', 24, 'עכו', 24, 'עכו', 4, 'מטה אשר'),
(709, 'תפרח', 'TIFRAH', 62, 'באר שבע', 62, 'באר שבע', 42, 'מרחבים'),
(710, 'בית זית', 'BET ZAYIT', 11, 'ירושלים', 11, 'ירושלים', 26, 'מטה יהודה'),
(711, 'עזריה', 'AZARYA', 43, 'רמלה', 43, 'רמלה', 30, 'גזר'),
(712, 'בן עמי', 'BEN AMMI', 24, 'עכו', 24, 'עכו', 4, 'מטה אשר'),
(713, 'רעים', 'RE\'IM', 62, 'באר שבע', 62, 'באר שבע', 38, 'אשכול'),
(714, 'ארז', 'EREZ', 61, 'אשקלון', 61, 'אשקלון', 37, 'שער הנגב'),
(715, 'להבות חביבה', 'LAHAVOT HAVIVA', 32, 'חדרה', 32, 'חדרה', 14, 'מנשה'),
(716, 'אייל', 'EYAL', 42, 'פתח תקווה', 47, 'כפר סבא', 20, 'דרום השרון'),
(717, 'חגור', 'HAGOR', 42, 'פתח תקווה', 42, 'פתח תקוה', 20, 'דרום השרון'),
(718, 'ירחיב', 'YARHIV', 42, 'פתח תקווה', 47, 'כפר סבא', 20, 'דרום השרון'),
(719, 'תל קציר', 'TEL QAZIR', 22, 'כנרת', 22, 'טבריה', 6, 'עמק הירדן'),
(720, 'ניר גלים', 'NIR GALLIM', 44, 'רחובות', 44, 'רחובות', 29, 'חבל יבנה'),
(721, 'שדה אילן', 'SEDE ILAN', 22, 'כנרת', 22, 'טבריה', 3, 'הגליל התחתון'),
(722, 'מגשימים', 'MAGSHIMIM', 42, 'פתח תקווה', 42, 'פתח תקוה', 20, 'דרום השרון'),
(723, 'בית הגדי', 'BET HAGADDI', 62, 'באר שבע', 62, 'באר שבע', 39, 'שדות נגב'),
(726, 'הודיה', 'HODIYYA', 61, 'אשקלון', 61, 'אשקלון', 36, 'חוף אשקלון'),
(727, 'תלמי יחיאל', 'TALME YEHI\'EL', 61, 'אשקלון', 61, 'אשקלון', 33, 'באר טוביה'),
(729, 'משמר השבעה', 'MISHMAR HASHIV\'A', 43, 'רמלה', 43, 'רמלה', 40, 'שדות דן'),
(730, 'אליפלט', 'ELIFELET', 21, 'צפת', 21, 'צפת', 55, 'מבואות החרמון'),
(731, 'מישר', 'MESHAR', 44, 'רחובות', 44, 'רחובות', 32, 'גדרות'),
(732, 'משמר הירדן', 'MISHMAR HAYARDEN', 21, 'צפת', 21, 'צפת', 55, 'מבואות החרמון'),
(734, 'גן יאשיה', 'GAN YOSHIYYA', 41, 'השרון', 41, 'נתניה', 16, 'עמק חפר'),
(735, 'רמות מאיר', 'RAMOT ME\'IR', 43, 'רמלה', 43, 'רמלה', 30, 'גזר'),
(736, 'גילת', 'GILAT', 62, 'באר שבע', 62, 'באר שבע', 42, 'מרחבים'),
(737, 'עולש', 'OLESH', 41, 'השרון', 41, 'נתניה', 16, 'עמק חפר'),
(738, 'דור', 'DOR', 32, 'חדרה', 32, 'חדרה', 15, 'חוף הכרמל'),
(739, 'שדה עוזיהו', 'SEDE UZZIYYAHU', 61, 'אשקלון', 61, 'אשקלון', 33, 'באר טוביה'),
(740, 'אשתאול', 'ESHTA\'OL', 11, 'ירושלים', 13, 'בית שמש', 26, 'מטה יהודה'),
(741, 'שואבה', 'SHO\'EVA', 11, 'ירושלים', 13, 'בית שמש', 26, 'מטה יהודה'),
(742, 'מסילת ציון', 'MESILLAT ZIYYON', 11, 'ירושלים', 13, 'בית שמש', 26, 'מטה יהודה'),
(743, 'כפר שמואל', 'KEFAR SHEMU\'EL', 43, 'רמלה', 43, 'רמלה', 30, 'גזר'),
(744, 'תלמי יפה', 'TALME YAFE', 61, 'אשקלון', 61, 'אשקלון', 36, 'חוף אשקלון'),
(745, 'גמזו', 'GIMZO', 43, 'רמלה', 43, 'רמלה', 25, 'חבל מודיעין'),
(746, 'ברכיה', 'BEREKHYA', 61, 'אשקלון', 61, 'אשקלון', 36, 'חוף אשקלון'),
(747, 'בית שקמה', 'BET SHIQMA', 61, 'אשקלון', 61, 'אשקלון', 36, 'חוף אשקלון'),
(748, 'מסלול', 'MASLUL', 62, 'באר שבע', 62, 'באר שבע', 42, 'מרחבים'),
(749, 'פטיש', 'PATTISH', 62, 'באר שבע', 62, 'באר שבע', 42, 'מרחבים'),
(750, 'פדויים', 'PEDUYIM', 62, 'באר שבע', 62, 'באר שבע', 42, 'מרחבים'),
(751, 'בית מאיר', 'BET ME\'IR', 11, 'ירושלים', 13, 'בית שמש', 26, 'מטה יהודה'),
(752, 'תעוז', 'TA\'OZ', 11, 'ירושלים', 13, 'בית שמש', 26, 'מטה יהודה'),
(753, 'ינוב', 'YANUV', 41, 'השרון', 41, 'נתניה', 18, 'לב השרון'),
(755, 'גורן', 'GOREN', 24, 'עכו', 24, 'עכו', 52, 'מעלה יוסף'),
(756, 'בית עזרא', 'BET EZRA', 61, 'אשקלון', 61, 'אשקלון', 33, 'באר טוביה'),
(757, 'מצליח', 'MAZLIAH', 43, 'רמלה', 43, 'רמלה', 30, 'גזר'),
(758, 'יד חנה', 'YAD HANNA', 41, 'השרון', 41, 'נתניה', 16, 'עמק חפר'),
(759, 'יציץ', 'YAZIZ', 43, 'רמלה', 43, 'רמלה', 30, 'גזר'),
(760, 'בן זכאי', 'BEN ZAKKAY', 44, 'רחובות', 44, 'רחובות', 29, 'חבל יבנה'),
(761, 'שובה', 'SHUVA', 62, 'באר שבע', 62, 'באר שבע', 39, 'שדות נגב'),
(762, 'בטחה', 'BITHA', 62, 'באר שבע', 62, 'באר שבע', 42, 'מרחבים'),
(763, 'שתולים', 'SHETULIM', 61, 'אשקלון', 61, 'אשקלון', 33, 'באר טוביה'),
(764, 'כפר מרדכי', 'KEFAR MORDEKHAY', 44, 'רחובות', 44, 'רחובות', 32, 'גדרות'),
(765, 'משגב דב', 'MISGAV DOV', 44, 'רחובות', 44, 'רחובות', 32, 'גדרות'),
(766, 'קוממיות', 'QOMEMIYYUT', 61, 'אשקלון', 61, 'אשקלון', 34, 'שפיר'),
(767, 'פורת', 'PORAT', 41, 'השרון', 41, 'נתניה', 18, 'לב השרון'),
(768, 'כרמיה', 'KARMIYYA', 61, 'אשקלון', 61, 'אשקלון', 36, 'חוף אשקלון'),
(769, 'ניר עציון', 'NIR EZYON', 32, 'חדרה', 32, 'חדרה', 15, 'חוף הכרמל'),
(771, 'מבוא ביתר', 'MEVO BETAR', 11, 'ירושלים', 11, 'ירושלים', 26, 'מטה יהודה'),
(772, 'אמונים', 'EMUNIM', 61, 'אשקלון', 61, 'אשקלון', 33, 'באר טוביה'),
(773, 'עמיקם', 'AMMIQAM', 32, 'חדרה', 32, 'חדרה', 45, 'אלונה'),
(774, 'צוריאל', 'ZURI\'EL', 24, 'עכו', 24, 'עכו', 52, 'מעלה יוסף'),
(775, 'יד נתן', 'YAD NATAN', 61, 'אשקלון', 61, 'אשקלון', 50, 'לכיש'),
(776, 'מחסיה', 'MAHSEYA', 11, 'ירושלים', 13, 'בית שמש', 26, 'מטה יהודה'),
(777, 'נחשון', 'NAHSHON', 11, 'ירושלים', 13, 'בית שמש', 26, 'מטה יהודה'),
(778, 'תרום', 'TARUM', 11, 'ירושלים', 13, 'בית שמש', 26, 'מטה יהודה'),
(779, 'עמינדב', 'AMMINADAV', 11, 'ירושלים', 11, 'ירושלים', 26, 'מטה יהודה'),
(780, 'אורה', 'ORA', 11, 'ירושלים', 11, 'ירושלים', 26, 'מטה יהודה'),
(783, 'אבן ספיר', 'EVEN SAPPIR', 11, 'ירושלים', 11, 'ירושלים', 26, 'מטה יהודה'),
(784, 'בית נחמיה', 'BET NEHEMYA', 43, 'רמלה', 43, 'רמלה', 25, 'חבל מודיעין'),
(785, 'אחיהוד', 'AHIHUD', 24, 'עכו', 24, 'עכו', 4, 'מטה אשר'),
(786, 'כפר זיתים', 'KEFAR ZETIM', 22, 'כנרת', 22, 'טבריה', 3, 'הגליל התחתון'),
(787, 'גבעת יערים', 'GIV\'AT YE\'ARIM', 11, 'ירושלים', 13, 'בית שמש', 26, 'מטה יהודה'),
(788, 'זיתן', 'ZETAN', 43, 'רמלה', 43, 'רמלה', 40, 'שדות דן'),
(789, 'רנן', 'RANNEN', 62, 'באר שבע', 62, 'באר שבע', 42, 'מרחבים'),
(791, 'משען', 'MASH\'EN', 61, 'אשקלון', 61, 'אשקלון', 36, 'חוף אשקלון'),
(792, 'נתיב השיירה', 'NETIV HASHAYYARA', 24, 'עכו', 24, 'עכו', 4, 'מטה אשר'),
(793, 'גבעתי', 'GIV\'ATI', 61, 'אשקלון', 61, 'אשקלון', 33, 'באר טוביה'),
(794, 'עגור', 'AGUR', 11, 'ירושלים', 13, 'בית שמש', 26, 'מטה יהודה'),
(795, 'יערה', 'YA\'ARA', 24, 'עכו', 24, 'עכו', 52, 'מעלה יוסף'),
(796, 'צלפון', 'ZELAFON', 11, 'ירושלים', 13, 'בית שמש', 26, 'מטה יהודה'),
(797, 'אחיעזר', 'AHI\'EZER', 43, 'רמלה', 43, 'רמלה', 40, 'שדות דן'),
(798, 'יגל', 'YAGEL', 43, 'רמלה', 43, 'רמלה', 40, 'שדות דן'),
(799, 'זכריה', 'ZEKHARYA', 11, 'ירושלים', 13, 'בית שמש', 26, 'מטה יהודה'),
(800, 'בית חנניה', 'BET HANANYA', 32, 'חדרה', 32, 'חדרה', 15, 'חוף הכרמל'),
(801, 'חמד', 'HEMED', 43, 'רמלה', 43, 'רמלה', 40, 'שדות דן'),
(802, 'גבעת כ\"ח', 'GIV\'AT KOAH', 42, 'פתח תקווה', 42, 'פתח תקוה', 25, 'חבל מודיעין'),
(803, 'יושיביה', 'YOSHIVYA', 62, 'באר שבע', 62, 'באר שבע', 39, 'שדות נגב'),
(804, 'אחיסמך', 'AHISAMAKH', 43, 'רמלה', 43, 'רמלה', 25, 'חבל מודיעין'),
(805, 'ישעי', 'YISH\'I', 11, 'ירושלים', 13, 'בית שמש', 26, 'מטה יהודה'),
(806, 'עין יהב', 'EN YAHAV', 62, 'באר שבע', 63, 'אילת', 54, 'הערבה התיכונה'),
(807, 'חניאל', 'HANNI\'EL', 41, 'השרון', 41, 'נתניה', 16, 'עמק חפר'),
(808, 'ניר אליהו', 'NIR ELIYYAHU', 42, 'פתח תקווה', 47, 'כפר סבא', 20, 'דרום השרון'),
(809, 'נחם', 'NAHAM', 11, 'ירושלים', 13, 'בית שמש', 26, 'מטה יהודה'),
(810, 'עופר', 'OFER', 32, 'חדרה', 32, 'חדרה', 15, 'חוף הכרמל'),
(811, 'יכיני', 'YAKHINI', 61, 'אשקלון', 61, 'אשקלון', 37, 'שער הנגב'),
(812, 'שלומי', 'SHELOMI', 24, 'עכו', 24, 'עכו', 0, NULL),
(813, 'עין יעקב', 'EN YA\'AQOV', 24, 'עכו', 24, 'עכו', 52, 'מעלה יוסף'),
(814, 'תלמים', 'TELAMIM', 61, 'אשקלון', 61, 'אשקלון', 50, 'לכיש'),
(815, 'זבדיאל', 'ZAVDI\'EL', 61, 'אשקלון', 61, 'אשקלון', 34, 'שפיר'),
(816, 'זנוח', 'ZANOAH', 11, 'ירושלים', 13, 'בית שמש', 26, 'מטה יהודה'),
(817, 'עזריקם', 'AZRIQAM', 61, 'אשקלון', 61, 'אשקלון', 33, 'באר טוביה'),
(818, 'זרחיה', 'ZERAHYA', 61, 'אשקלון', 61, 'אשקלון', 34, 'שפיר'),
(819, 'אביגדור', 'AVIGEDOR', 61, 'אשקלון', 61, 'אשקלון', 33, 'באר טוביה'),
(820, 'חלץ', 'HELEZ', 61, 'אשקלון', 61, 'אשקלון', 36, 'חוף אשקלון'),
(821, 'אחוזם', 'AHUZZAM', 61, 'אשקלון', 61, 'אשקלון', 50, 'לכיש'),
(822, 'מטע', 'MATTA', 11, 'ירושלים', 13, 'בית שמש', 26, 'מטה יהודה'),
(823, 'בר גיורא', 'BAR GIYYORA', 11, 'ירושלים', 13, 'בית שמש', 26, 'מטה יהודה'),
(824, 'כוכב מיכאל', 'KOKHAV MIKHA\'EL', 61, 'אשקלון', 61, 'אשקלון', 36, 'חוף אשקלון'),
(825, 'נס הרים', 'NES HARIM', 11, 'ירושלים', 13, 'בית שמש', 26, 'מטה יהודה'),
(826, 'עוזה', 'UZA', 61, 'אשקלון', 61, 'אשקלון', 34, 'שפיר'),
(827, 'נווה מבטח', 'NEWE MIVTAH', 61, 'אשקלון', 61, 'אשקלון', 33, 'באר טוביה'),
(828, 'ישרש', 'YASHRESH', 43, 'רמלה', 43, 'רמלה', 30, 'גזר'),
(829, 'מבטחים', 'MIVTAHIM', 62, 'באר שבע', 62, 'באר שבע', 38, 'אשכול'),
(831, 'ירוחם', 'YEROHAM', 62, 'באר שבע', 62, 'באר שבע', 0, NULL),
(833, 'נורית', 'NURIT', 23, 'עפולה', 23, 'עפולה', 8, 'הגלבוע'),
(836, 'גנות', 'GANNOT', 43, 'רמלה', 43, 'רמלה', 40, 'שדות דן'),
(837, 'עזריאל', 'AZRI\'EL', 41, 'השרון', 41, 'נתניה', 18, 'לב השרון'),
(838, 'פדיה', 'PEDAYA', 43, 'רמלה', 43, 'רמלה', 30, 'גזר'),
(839, 'פתחיה', 'PETAHYA', 43, 'רמלה', 43, 'רמלה', 30, 'גזר'),
(840, 'כיסופים', 'KISSUFIM', 62, 'באר שבע', 62, 'באר שבע', 38, 'אשכול'),
(841, 'אלישמע', 'ELISHAMA', 42, 'פתח תקווה', 47, 'כפר סבא', 20, 'דרום השרון'),
(842, 'געש', 'GA\'ASH', 41, 'השרון', 41, 'נתניה', 19, 'חוף השרון'),
(843, 'מרגליות', 'MARGALIYYOT', 21, 'צפת', 21, 'צפת', 55, 'מבואות החרמון'),
(844, 'נחל עוז', 'NAHAL OZ', 61, 'אשקלון', 61, 'אשקלון', 37, 'שער הנגב'),
(845, 'כפר עזה', 'KEFAR AZZA', 61, 'אשקלון', 61, 'אשקלון', 37, 'שער הנגב'),
(846, 'שפר', 'SHEFER', 21, 'צפת', 21, 'צפת', 2, 'מרום הגליל'),
(848, 'בית רבן', 'BET RABBAN', 44, 'רחובות', 44, 'רחובות', 29, 'חבל יבנה'),
(849, 'דבירה', 'DEVIRA', 62, 'באר שבע', 62, 'באר שבע', 41, 'בני שמעון'),
(850, 'אחיטוב', 'AHITUV', 41, 'השרון', 41, 'נתניה', 16, 'עמק חפר'),
(851, 'ניצני עוז', 'NIZZANE OZ', 41, 'השרון', 41, 'נתניה', 18, 'לב השרון'),
(852, 'גונן', 'GONEN', 21, 'צפת', 21, 'צפת', 1, 'הגליל העליון'),
(853, 'גאליה', 'GE\'ALYA', 44, 'רחובות', 44, 'רחובות', 27, 'גן רווה'),
(854, 'רחוב', 'REHOV', 23, 'עפולה', 23, 'עפולה', 7, 'עמק המעיינות'),
(856, 'שעלבים', 'SHA\'ALVIM', 43, 'רמלה', 43, 'רמלה', 30, 'גזר'),
(857, 'כפר אביב', 'KEFAR AVIV', 44, 'רחובות', 44, 'רחובות', 32, 'גדרות'),
(858, 'נווה ירק', 'NEWE YARAQ', 42, 'פתח תקווה', 42, 'פתח תקוה', 20, 'דרום השרון'),
(859, 'כסלון', 'KESALON', 11, 'ירושלים', 13, 'בית שמש', 26, 'מטה יהודה'),
(861, 'שדה אליעזר', 'SEDE ELI\'EZER', 21, 'צפת', 21, 'צפת', 55, 'מבואות החרמון'),
(862, 'גני יוחנן', 'GANNE YOHANAN', 44, 'רחובות', 44, 'רחובות', 30, 'גזר'),
(863, 'גינתון', 'GINNATON', 43, 'רמלה', 43, 'רמלה', 25, 'חבל מודיעין'),
(864, 'בקוע', 'BEQOA', 11, 'ירושלים', 13, 'בית שמש', 26, 'מטה יהודה'),
(865, 'שיבולים', 'SHIBBOLIM', 62, 'באר שבע', 62, 'באר שבע', 39, 'שדות נגב'),
(866, 'יטבתה', 'YOTVATA', 62, 'באר שבע', 63, 'אילת', 53, 'חבל אילות'),
(868, 'אלוני יצחק', 'ALLONE YIZHAQ', 32, 'חדרה', 32, 'חדרה', 14, 'מנשה'),
(870, 'גבעת השלושה', 'GIV\'AT HASHELOSHA', 42, 'פתח תקווה', 349, 'ראש העין', 20, 'דרום השרון'),
(871, 'עינת', 'ENAT', 42, 'פתח תקווה', 349, 'ראש העין', 20, 'דרום השרון'),
(872, 'גאולי תימן', 'GE\'ULE TEMAN', 41, 'השרון', 32, 'חדרה', 16, 'עמק חפר'),
(873, 'שלווה', 'SHALWA', 61, 'אשקלון', 61, 'אשקלון', 34, 'שפיר'),
(874, 'מגדל העמק', 'MIGDAL HAEMEQ', 23, 'עפולה', 23, 'עפולה', 0, NULL),
(875, 'כפר עבודה', 'KEFAR AVODA', 41, 'השרון', 41, 'נתניה', 18, 'לב השרון'),
(877, 'בית חירות', 'BET HERUT', 41, 'השרון', 41, 'נתניה', 16, 'עמק חפר'),
(880, 'עין שריד', 'EN SARID', 41, 'השרון', 41, 'נתניה', 18, 'לב השרון'),
(882, 'אורנים', 'ORANIM', 31, 'חיפה', 31, 'חיפה', 12, 'זבולון'),
(885, 'שדה בוקר', 'SEDE BOQER', 62, 'באר שבע', 62, 'באר שבע', 48, 'רמת נגב'),
(886, 'איתנים', 'ETANIM', 11, 'ירושלים', 13, 'בית שמש', 26, 'מטה יהודה'),
(888, 'כפר הרי\"ף', 'KEFAR HARIF', 61, 'אשקלון', 61, 'אשקלון', 35, 'יואב'),
(889, 'כפר חסידים ב\'', 'KEFAR HASIDIM BET', 31, 'חיפה', 31, 'חיפה', 12, 'זבולון'),
(890, 'כפר הנוער הדתי', 'KEFAR HANO\'AR HADATI', 31, 'חיפה', 31, 'חיפה', 12, 'זבולון'),
(892, 'עבדון', 'AVDON', 24, 'עכו', 24, 'עכו', 52, 'מעלה יוסף'),
(897, 'מדרשת רופין', 'MIDRESHET RUPPIN', 41, 'השרון', 41, 'נתניה', 16, 'עמק חפר'),
(913, 'שבלי - אום אל-גנם', 'SHIBLI', 23, 'עפולה', 23, 'עפולה', 0, NULL),
(916, 'ישע', 'YESHA', 62, 'באר שבע', 62, 'באר שבע', 38, 'אשכול'),
(917, 'עצמון שגב', 'ATSMON-SEGEV', 24, 'עכו', 20, 'כרמיאל', 56, 'משגב'),
(919, 'גבעת ישעיהו', 'GIV\'AT YESHA\'YAHU', 11, 'ירושלים', 13, 'בית שמש', 26, 'מטה יהודה'),
(921, 'שער מנשה', 'SHA\'AR MENASHE', 32, 'חדרה', 32, 'חדרה', 14, 'מנשה'),
(922, 'רכסים', 'REKHASIM', 31, 'חיפה', 31, 'חיפה', 0, NULL),
(926, 'נווה אבות', 'NEWE AVOT', 32, 'חדרה', 32, 'חדרה', 0, NULL),
(932, 'אבו עמרה )שבט(', 'ABU  AMRE', 62, 'באר שבע', 62, 'באר שבע', 0, NULL),
(935, 'אבו סריחאן )שבט(', 'ABU SUREIHAN', 62, 'באר שבע', 62, 'באר שבע', 0, NULL),
(939, 'מסעודין אל-עזאזמה', 'MAS\'UDIN AL-\'AZAZME', 62, 'באר שבע', 62, 'באר שבע', 0, NULL),
(942, 'סואעד )חמרייה(', 'SAWA\'ID(HAMRIYYE)', 24, 'עכו', 24, 'עכו', 9, 'עמק יזרעאל'),
(944, 'בסמת טבעון', 'BASMAT TAB\'UN', 23, 'עפולה', 23, 'עפולה', 0, NULL),
(948, 'חוג\'ייראת )ד\'הרה(', 'HUJEIRAT (DAHRA)', 24, 'עכו', 24, 'עכו', 56, 'משגב'),
(956, 'הוזייל )שבט(', 'HUZAYYEL', 62, 'באר שבע', 62, 'באר שבע', 0, NULL),
(957, 'עוקבי )בנו עוקבה(', 'UQBI (BANU UQBA)', 62, 'באר שבע', 62, 'באר שבע', 0, NULL),
(958, 'אבו עבדון )שבט(', 'ABU  ABDUN', 62, 'באר שבע', 62, 'באר שבע', 0, NULL),
(959, 'אפיניש )שבט(', 'AFEINISH', 62, 'באר שבע', 62, 'באר שבע', 0, NULL),
(960, 'אסד )שבט(', 'ASAD', 62, 'באר שבע', 62, 'באר שבע', 0, NULL),
(961, 'אבו רוקייק )שבט(', 'ABU RUQAYYEQ', 62, 'באר שבע', 62, 'באר שבע', 0, NULL),
(962, 'טובא-זנגריה', 'TUBA-ZANGARIYYE', 21, 'צפת', 21, 'צפת', 0, NULL),
(963, 'אעצם )שבט(', 'A\'SAM', 62, 'באר שבע', 62, 'באר שבע', 0, NULL),
(964, 'קודייראת א-צאנע)שבט(', 'QUDEIRAT AS-SANI', 62, 'באר שבע', 62, 'באר שבע', 0, NULL),
(965, 'אטרש )שבט(', 'ATRASH', 62, 'באר שבע', 62, 'באר שבע', 0, NULL),
(966, 'אבו רובייעה )שבט(', 'ABU RUBEI\'A', 62, 'באר שבע', 62, 'באר שבע', 0, NULL),
(967, 'אבו ג\'ווייעד )שבט(', 'ABU JUWEI\'ID', 62, 'באר שבע', 62, 'באר שבע', 0, NULL),
(968, 'אבו קורינאת )שבט(', 'ABU QUREINAT', 62, 'באר שבע', 62, 'באר שבע', 0, NULL),
(969, 'עטאוונה )שבט(', 'ATAWNE', 62, 'באר שבע', 62, 'באר שבע', 0, NULL),
(970, 'תראבין א-צאנע )שבט(', 'TARABIN AS-SANI', 62, 'באר שבע', 62, 'באר שבע', 0, NULL),
(972, 'קוואעין )שבט(', 'QAWA\'IN', 62, 'באר שבע', 62, 'באר שבע', 0, NULL),
(975, 'זרזיר', 'ZARZIR', 23, 'עפולה', 23, 'עפולה', 0, NULL),
(976, 'ג\'נאביב )שבט(', 'JUNNABIB', 62, 'באר שבע', 62, 'באר שבע', 0, NULL),
(978, 'כעביה-טבאש-חג\'אג\'רה', 'KA\'ABIYYE-TABBASH-HA', 25, 'נצרת', 25, 'נצרת עילית', 0, NULL);
INSERT INTO `yeshuvim` (`id`, `name_heb`, `name_eng`, `nafa_code`, `nafa_name`, `lska_code`, `lska_name`, `regional_council_code`, `regional_council_name`) VALUES
(986, 'ח\'ואלד )שבט(', 'KHAWALED', 25, 'נצרת', 31, 'חיפה', 12, 'זבולון'),
(989, 'סואעד )כמאנה( )שבט(', 'SAWA\'ID (KAMANE)', 24, 'עכו', 20, 'כרמיאל', 0, NULL),
(990, 'ראס עלי', 'RAS ALI', 31, 'חיפה', 31, 'חיפה', 12, 'זבולון'),
(993, 'חמאם', 'HAMAM', 22, 'כנרת', 22, 'טבריה', 65, 'אל-בטוף'),
(994, 'מנשית זבדה', 'MANSHIYYET ZABDA', 25, 'נצרת', 23, 'עפולה', 9, 'עמק יזרעאל'),
(997, 'רומת הייב', 'RUMAT HEIB', 25, 'נצרת', 25, 'נצרת עילית', 65, 'אל-בטוף'),
(998, 'ביר אל-מכסור', 'BIR EL-MAKSUR', 24, 'עכו', 25, 'נצרת עילית', 0, NULL),
(1015, 'מבשרת ציון', 'MEVASSERET ZIYYON', 11, 'ירושלים', 11, 'ירושלים', 0, NULL),
(1020, 'אור עקיבא', 'OR AQIVA', 32, 'חדרה', 32, 'חדרה', 0, NULL),
(1024, 'חרוצים', 'HARUZIM', 41, 'השרון', 41, 'נתניה', 19, 'חוף השרון'),
(1031, 'שדרות', 'SEDEROT', 61, 'אשקלון', 61, 'אשקלון', 0, NULL),
(1034, 'קרית מלאכי', 'QIRYAT MAL\'AKHI', 61, 'אשקלון', 61, 'אשקלון', 0, NULL),
(1041, 'נצאצרה )שבט(', 'NASASRA', 62, 'באר שבע', 62, 'באר שבע', 0, NULL),
(1042, 'אבו עמאר )שבט(', 'ABU  AMMAR', 62, 'באר שבע', 62, 'באר שבע', 0, NULL),
(1043, 'גיזו', 'GIZO', 11, 'ירושלים', 13, 'בית שמש', 26, 'מטה יהודה'),
(1044, 'יעף', 'YE\'AF', 41, 'השרון', 41, 'נתניה', 18, 'לב השרון'),
(1045, 'שתולה', 'SHETULA', 24, 'עכו', 24, 'עכו', 52, 'מעלה יוסף'),
(1046, 'אוהד', 'OHAD', 62, 'באר שבע', 62, 'באר שבע', 38, 'אשכול'),
(1047, 'חזון', 'HAZON', 22, 'כנרת', 22, 'טבריה', 2, 'מרום הגליל'),
(1050, 'בית חשמונאי', 'BET HASHMONAY', 43, 'רמלה', 43, 'רמלה', 30, 'גזר'),
(1051, 'תלמי אליהו', 'TALME ELIYYAHU', 62, 'באר שבע', 62, 'באר שבע', 38, 'אשכול'),
(1052, 'קטורה', 'QETURA', 62, 'באר שבע', 63, 'אילת', 53, 'חבל אילות'),
(1053, 'עין חצבה', 'EN HAZEVA', 62, 'באר שבע', 63, 'אילת', 51, 'תמר'),
(1054, 'תל שבע', 'TEL SHEVA', 62, 'באר שבע', 62, 'באר שבע', 0, NULL),
(1056, 'עין כרם-בי\"ס חקלאי', 'EN KAREM-B.S.HAQLA\'I', 11, 'ירושלים', 11, 'ירושלים', 26, 'מטה יהודה'),
(1057, 'נווה זוהר', 'NEWE ZOHAR', 62, 'באר שבע', 62, 'באר שבע', 51, 'תמר'),
(1058, 'שדה ניצן', 'SEDE NIZZAN', 62, 'באר שבע', 62, 'באר שבע', 38, 'אשכול'),
(1059, 'כסיפה', 'KUSEIFE', 62, 'באר שבע', 62, 'באר שבע', 0, NULL),
(1060, 'לקיה', 'LAQYE', 62, 'באר שבע', 62, 'באר שבע', 0, NULL),
(1061, 'נצרת עילית', 'NAZERAT ILLIT', 25, 'נצרת', 25, 'נצרת עילית', 0, NULL),
(1063, 'מעלות-תרשיחא', 'MA\'ALOT-TARSHIHA', 24, 'עכו', 24, 'עכו', 0, NULL),
(1064, 'אמירים', 'AMIRIM', 21, 'צפת', 21, 'צפת', 2, 'מרום הגליל'),
(1065, 'זמרת', 'ZIMRAT', 62, 'באר שבע', 62, 'באר שבע', 39, 'שדות נגב'),
(1066, 'בני עי\"ש', 'BENE AYISH', 44, 'רחובות', 44, 'רחובות', 0, NULL),
(1067, 'דוב\"ב', 'DOVEV', 21, 'צפת', 21, 'צפת', 2, 'מרום הגליל'),
(1068, 'אדמית', 'ADAMIT', 24, 'עכו', 24, 'עכו', 4, 'מטה אשר'),
(1069, 'רם-און', 'RAM-ON', 23, 'עפולה', 23, 'עפולה', 8, 'הגלבוע'),
(1070, 'אביעזר', 'AVI\'EZER', 11, 'ירושלים', 13, 'בית שמש', 26, 'מטה יהודה'),
(1071, 'נווה מיכאל', 'NEWE MIKHA\'EL', 11, 'ירושלים', 13, 'בית שמש', 26, 'מטה יהודה'),
(1072, 'גן הדרום', 'GAN HADAROM', 44, 'רחובות', 44, 'רחובות', 32, 'גדרות'),
(1076, 'בית ברל', 'BET BERL', 42, 'פתח תקווה', 47, 'כפר סבא', 20, 'דרום השרון'),
(1077, 'גבעת שפירא', 'GIV\'AT SHAPPIRA', 41, 'השרון', 41, 'נתניה', 16, 'עמק חפר'),
(1079, 'צפרירים', 'ZAFRIRIM', 11, 'ירושלים', 13, 'בית שמש', 26, 'מטה יהודה'),
(1080, 'מבועים', 'MABBU\'IM', 62, 'באר שבע', 62, 'באר שבע', 42, 'מרחבים'),
(1081, 'אבן מנחם', 'EVEN MENAHEM', 24, 'עכו', 24, 'עכו', 52, 'מעלה יוסף'),
(1082, 'מעגלים', 'MA\'GALIM', 62, 'באר שבע', 62, 'באר שבע', 39, 'שדות נגב'),
(1083, 'תושיה', 'TUSHIYYA', 62, 'באר שבע', 62, 'באר שבע', 39, 'שדות נגב'),
(1084, 'בן שמן )כפר נוער(', 'BEN SHEMEN(K.NO\'AR)', 43, 'רמלה', 43, 'רמלה', 25, 'חבל מודיעין'),
(1085, 'כרם שלום', 'KEREM SHALOM', 62, 'באר שבע', 62, 'באר שבע', 38, 'אשכול'),
(1094, 'כרם יבנה )ישיבה(', 'KEREM YAVNE(YESHIVA)', 44, 'רחובות', 44, 'רחובות', 29, 'חבל יבנה'),
(1095, 'כפר מימון', 'KEFAR MAYMON', 62, 'באר שבע', 62, 'באר שבע', 39, 'שדות נגב'),
(1098, 'מרכז שפירא', 'MERKAZ SHAPPIRA', 61, 'אשקלון', 61, 'אשקלון', 34, 'שפיר'),
(1102, 'צוקי ים', 'SHOSHANNAT HAAMAQIM(', 41, 'השרון', 41, 'נתניה', 16, 'עמק חפר'),
(1103, 'גני הדר', 'GANNE HADAR', 43, 'רמלה', 43, 'רמלה', 30, 'גזר'),
(1104, 'פוריה - כפר עבודה', 'PORIYYA-KEFAR AVODA', 22, 'כנרת', 22, 'טבריה', 6, 'עמק הירדן'),
(1105, 'פוריה - נווה עובד', 'PORIYYA-NEWE OVED', 22, 'כנרת', 22, 'טבריה', 6, 'עמק הירדן'),
(1108, 'אומן', 'OMEN', 23, 'עפולה', 23, 'עפולה', 8, 'הגלבוע'),
(1110, 'חבר', 'HEVER', 23, 'עפולה', 23, 'עפולה', 8, 'הגלבוע'),
(1111, 'צופיה', 'ZOFIYYA', 44, 'רחובות', 44, 'רחובות', 29, 'חבל יבנה'),
(1112, 'יודפת', 'YODEFAT', 24, 'עכו', 20, 'כרמיאל', 56, 'משגב'),
(1113, 'צור הדסה', 'ZUR HADASSA', 11, 'ירושלים', 13, 'בית שמש', 26, 'מטה יהודה'),
(1114, 'שריגים )לי-און(', 'LI-ON', 11, 'ירושלים', 13, 'בית שמש', 26, 'מטה יהודה'),
(1115, 'אביבים', 'AVIVIM', 21, 'צפת', 21, 'צפת', 2, 'מרום הגליל'),
(1117, 'יעל', 'YA\'EL', 23, 'עפולה', 23, 'עפולה', 8, 'הגלבוע'),
(1123, 'אדרת', 'ADDERET', 11, 'ירושלים', 13, 'בית שמש', 26, 'מטה יהודה'),
(1124, 'נאות הכיכר', 'NE\'OT HAKIKKAR', 62, 'באר שבע', 62, 'באר שבע', 51, 'תמר'),
(1125, 'אלמגור', 'ALMAGOR', 22, 'כנרת', 22, 'טבריה', 6, 'עמק הירדן'),
(1126, 'אילות', 'ELOT', 62, 'באר שבע', 63, 'אילת', 53, 'חבל אילות'),
(1127, 'מעלה גלבוע', 'MA\'ALE GILBOA', 23, 'עפולה', 23, 'עפולה', 7, 'עמק המעיינות'),
(1128, 'מי עמי', 'ME AMMI', 32, 'חדרה', 32, 'חדרה', 14, 'מנשה'),
(1129, 'גרופית', 'GEROFIT', 62, 'באר שבע', 63, 'אילת', 53, 'חבל אילות'),
(1130, 'כפר רוזנואלד )זרעית(', 'KEFAR ROZENWALD(ZAR.', 24, 'עכו', 24, 'עכו', 52, 'מעלה יוסף'),
(1132, 'שניר', 'SENIR', 21, 'צפת', 21, 'צפת', 1, 'הגליל העליון'),
(1133, 'ורדון', 'WARDON', 61, 'אשקלון', 61, 'אשקלון', 35, 'יואב'),
(1134, 'יד השמונה', 'YAD HASHEMONA', 11, 'ירושלים', 11, 'ירושלים', 26, 'מטה יהודה'),
(1136, 'צוחר', 'ZOHAR', 62, 'באר שבע', 62, 'באר שבע', 38, 'אשכול'),
(1137, 'קרית יערים', 'QIRYAT YE\'ARIM', 11, 'ירושלים', 13, 'בית שמש', 0, NULL),
(1138, 'יעד', 'YA\'AD', 24, 'עכו', 20, 'כרמיאל', 56, 'משגב'),
(1139, 'כרמיאל', 'KARMI\'EL', 24, 'עכו', 20, 'כרמיאל', 0, NULL),
(1140, 'מדרשת בן גוריון', 'MIDRESHET BEN GURION', 62, 'באר שבע', 62, 'באר שבע', 48, 'רמת נגב'),
(1141, 'מבוא מודיעים', 'MEVO MODI\'IM', 43, 'רמלה', 43, 'רמלה', 25, 'חבל מודיעין'),
(1143, 'נס עמים', 'NES AMMIM', 24, 'עכו', 24, 'עכו', 4, 'מטה אשר'),
(1144, 'ידידה', 'YEDIDA', 11, 'ירושלים', 11, 'ירושלים', 26, 'מטה יהודה'),
(1145, 'אלומה', 'ALUMMA', 61, 'אשקלון', 61, 'אשקלון', 34, 'שפיר'),
(1146, 'עלומים', 'ALUMIM', 62, 'באר שבע', 62, 'באר שבע', 39, 'שדות נגב'),
(1147, 'נטועה', 'NETU\'A', 24, 'עכו', 24, 'עכו', 52, 'מעלה יוסף'),
(1148, 'צור נתן', 'ZUR NATAN', 42, 'פתח תקווה', 47, 'כפר סבא', 20, 'דרום השרון'),
(1149, 'עזר', 'EZER', 61, 'אשקלון', 61, 'אשקלון', 33, 'באר טוביה'),
(1150, 'צופר', 'ZOFAR', 62, 'באר שבע', 63, 'אילת', 54, 'הערבה התיכונה'),
(1151, 'פארן', 'PARAN', 62, 'באר שבע', 63, 'אילת', 54, 'הערבה התיכונה'),
(1152, 'אשלים', 'ASHALIM', 62, 'באר שבע', 62, 'באר שבע', 48, 'רמת נגב'),
(1153, 'כישור', 'KISHOR', 24, 'עכו', 20, 'כרמיאל', 56, 'משגב'),
(1154, 'מלכישוע', 'MALKISHUA', 23, 'עפולה', 23, 'עפולה', 7, 'עמק המעיינות'),
(1155, 'מגן שאול', 'MAGEN SHA\'UL', 23, 'עפולה', 23, 'עפולה', 8, 'הגלבוע'),
(1156, 'סמר', 'SAMAR', 62, 'באר שבע', 63, 'אילת', 53, 'חבל אילות'),
(1157, 'אחווה', 'AHAWA', 61, 'אשקלון', 61, 'אשקלון', 33, 'באר טוביה'),
(1158, 'יהל', 'YAHEL', 62, 'באר שבע', 63, 'אילת', 53, 'חבל אילות'),
(1160, 'שכניה', 'SHEKHANYA', 24, 'עכו', 20, 'כרמיאל', 56, 'משגב'),
(1161, 'רהט', 'RAHAT', 62, 'באר שבע', 62, 'באר שבע', 0, NULL),
(1162, 'בית רימון', 'BET RIMMON', 23, 'עפולה', 23, 'עפולה', 3, 'הגליל התחתון'),
(1163, 'מורן', 'MORAN', 24, 'עכו', 20, 'כרמיאל', 56, 'משגב'),
(1165, 'שילת', 'SHILAT', 43, 'רמלה', 43, 'רמלה', 25, 'חבל מודיעין'),
(1166, 'כפר רות', 'KEFAR RUT', 43, 'רמלה', 43, 'רמלה', 25, 'חבל מודיעין'),
(1167, 'קיסריה', 'QESARIYYA', 32, 'חדרה', 32, 'חדרה', 15, 'חוף הכרמל'),
(1169, 'הוואשלה )שבט(', 'HAWASHLA', 62, 'באר שבע', 62, 'באר שבע', 0, NULL),
(1170, 'סייד )שבט(', 'SAYYID', 62, 'באר שבע', 62, 'באר שבע', 0, NULL),
(1171, 'לוטם', 'LOTEM', 24, 'עכו', 20, 'כרמיאל', 56, 'משגב'),
(1172, 'תובל', 'TUVAL', 24, 'עכו', 20, 'כרמיאל', 56, 'משגב'),
(1173, 'לפידות', 'LAPPIDOT', 24, 'עכו', 24, 'עכו', 52, 'מעלה יוסף'),
(1174, 'מנוף', 'MANOF', 24, 'עכו', 20, 'כרמיאל', 56, 'משגב'),
(1175, 'עידן', 'IDDAN', 62, 'באר שבע', 62, 'באר שבע', 54, 'הערבה התיכונה'),
(1176, 'ספיר', 'SAPPIR', 62, 'באר שבע', 63, 'אילת', 54, 'הערבה התיכונה'),
(1177, 'טללים', 'TELALIM', 62, 'באר שבע', 62, 'באר שבע', 48, 'רמת נגב'),
(1178, 'מורשת', 'MORESHET', 24, 'עכו', 20, 'כרמיאל', 56, 'משגב'),
(1179, 'קורנית', 'QORANIT', 24, 'עכו', 20, 'כרמיאל', 56, 'משגב'),
(1180, 'צביה', 'ZVIYYA', 24, 'עכו', 20, 'כרמיאל', 56, 'משגב'),
(1181, 'טל-אל', 'TAL-EL', 24, 'עכו', 20, 'כרמיאל', 56, 'משגב'),
(1182, 'אלון הגליל', 'ALLON HAGALIL', 23, 'עפולה', 23, 'עפולה', 9, 'עמק יזרעאל'),
(1183, 'כליל', 'KELIL', 24, 'עכו', 24, 'עכו', 4, 'מטה אשר'),
(1184, 'מתת', 'MATTAT', 24, 'עכו', 24, 'עכו', 52, 'מעלה יוסף'),
(1185, 'פלך', 'PELEKH', 24, 'עכו', 20, 'כרמיאל', 56, 'משגב'),
(1186, 'הושעיה', 'HOSHA\'AYA', 23, 'עפולה', 23, 'עפולה', 9, 'עמק יזרעאל'),
(1187, 'עיר אובות', 'IR OVOT', 62, 'באר שבע', 62, 'באר שבע', 54, 'הערבה התיכונה'),
(1188, 'אשחר', 'ESHHAR', 24, 'עכו', 20, 'כרמיאל', 56, 'משגב'),
(1190, 'מצפה נטופה', 'MIZPE NETOFA', 23, 'עפולה', 23, 'עפולה', 3, 'הגליל התחתון'),
(1191, 'בר יוחאי', 'BAR YOHAY', 21, 'צפת', 21, 'צפת', 2, 'מרום הגליל'),
(1192, 'ערערה-בנגב', 'AR\'ARA-BANEGEV', 62, 'באר שבע', 62, 'באר שבע', 0, NULL),
(1195, 'ניצנה )קהילת חינוך(', 'NIZZANA (QEHILAT HIN', 62, 'באר שבע', 62, 'באר שבע', 48, 'רמת נגב'),
(1196, 'מחנה יתיר', 'MAHANE YATTIR', 62, 'באר שבע', 62, 'באר שבע', 0, NULL),
(1197, 'נאות סמדר', 'SHIZZAFON', 62, 'באר שבע', 63, 'אילת', 53, 'חבל אילות'),
(1198, 'כרמים', 'KERAMIM', 62, 'באר שבע', 62, 'באר שבע', 41, 'בני שמעון'),
(1199, 'עדי', 'ADI', 24, 'עכו', 24, 'עכו', 9, 'עמק יזרעאל'),
(1200, 'מודיעין-מכבים-רעות', 'MODI\'IN-MAKKABBIM-RE', 43, 'רמלה', 43, 'רמלה', 0, NULL),
(1201, 'כמון', 'KAMMON', 24, 'עכו', 20, 'כרמיאל', 56, 'משגב'),
(1202, 'מכמנים', 'MIKHMANNIM', 24, 'עכו', 20, 'כרמיאל', 56, 'משגב'),
(1203, 'הררית', 'HARARIT', 24, 'עכו', 20, 'כרמיאל', 56, 'משגב'),
(1204, 'גילון', 'GILON', 24, 'עכו', 20, 'כרמיאל', 56, 'משגב'),
(1205, 'מנות', 'MANOT', 24, 'עכו', 24, 'עכו', 52, 'מעלה יוסף'),
(1206, 'גיתה', 'GITTA', 24, 'עכו', 24, 'עכו', 52, 'מעלה יוסף'),
(1207, 'לבון', 'LAVON', 24, 'עכו', 20, 'כרמיאל', 56, 'משגב'),
(1208, 'הילה', 'HILLA', 24, 'עכו', 24, 'עכו', 52, 'מעלה יוסף'),
(1209, 'חרשים', 'HARASHIM', 24, 'עכו', 20, 'כרמיאל', 56, 'משגב'),
(1210, 'כחל', 'KAHAL', 21, 'צפת', 21, 'צפת', 55, 'מבואות החרמון'),
(1211, 'קדרים', 'QADDARIM', 22, 'כנרת', 22, 'טבריה', 1, 'הגליל העליון'),
(1212, 'עמוקה', 'AMUQQA', 21, 'צפת', 21, 'צפת', 2, 'מרום הגליל'),
(1213, 'צבעון', 'ZIV\'ON', 21, 'צפת', 21, 'צפת', 1, 'הגליל העליון'),
(1214, 'טפחות', 'TEFAHOT', 22, 'כנרת', 22, 'טבריה', 2, 'מרום הגליל'),
(1219, 'גורנות הגליל', 'GORNOT HAGALIL', 24, 'עכו', 24, 'עכו', 52, 'מעלה יוסף'),
(1220, 'אבירים', 'ABBIRIM', 24, 'עכו', 24, 'עכו', 52, 'מעלה יוסף'),
(1221, 'צורית', 'ZURIT', 24, 'עכו', 20, 'כרמיאל', 56, 'משגב'),
(1222, 'מצפה אבי\"ב', 'MIZPE AVIV', 24, 'עכו', 20, 'כרמיאל', 56, 'משגב'),
(1223, 'שדי אברהם', 'SEDE AVRAHAM', 62, 'באר שבע', 62, 'באר שבע', 38, 'אשכול'),
(1224, 'כוכב יאיר', 'KOKHAV YA\'IR', 42, 'פתח תקווה', 47, 'כפר סבא', 0, NULL),
(1225, 'רביד', 'RAVID', 22, 'כנרת', 22, 'טבריה', 6, 'עמק הירדן'),
(1226, 'יובלים', 'YUVALIM', 24, 'עכו', 20, 'כרמיאל', 56, 'משגב'),
(1227, 'יתד', 'YATED', 62, 'באר שבע', 62, 'באר שבע', 38, 'אשכול'),
(1228, 'רקפת', 'RAQEFET', 24, 'עכו', 20, 'כרמיאל', 56, 'משגב'),
(1229, 'כלנית', 'KALLANIT', 22, 'כנרת', 22, 'טבריה', 2, 'מרום הגליל'),
(1230, 'לבנים', 'LIVNIM', 22, 'כנרת', 22, 'טבריה', 2, 'מרום הגליל'),
(1231, 'פרי גן', 'PERI GAN', 62, 'באר שבע', 62, 'באר שבע', 38, 'אשכול'),
(1232, 'יבול', 'YEVUL', 62, 'באר שבע', 62, 'באר שבע', 38, 'אשכול'),
(1233, 'שקף', 'SHEQEF', 61, 'אשקלון', 61, 'אשקלון', 50, 'לכיש'),
(1234, 'קבועה )שבט(', 'QABBO\'A', 62, 'באר שבע', 62, 'באר שבע', 0, NULL),
(1235, 'שורשים', 'SHORASHIM', 24, 'עכו', 20, 'כרמיאל', 56, 'משגב'),
(1236, 'נירית', 'NIRIT', 42, 'פתח תקווה', 349, 'ראש העין', 20, 'דרום השרון'),
(1237, 'תלמי יוסף', 'TALME YOSEF', 62, 'באר שבע', 62, 'באר שבע', 38, 'אשכול'),
(1238, 'סופה', 'SUFA', 62, 'באר שבע', 62, 'באר שבע', 38, 'אשכול'),
(1239, 'חולית', 'HOLIT', 62, 'באר שבע', 62, 'באר שבע', 38, 'אשכול'),
(1240, 'עין הבשור', 'EN HABESOR', 62, 'באר שבע', 62, 'באר שבע', 38, 'אשכול'),
(1241, 'דקל', 'DEQEL', 62, 'באר שבע', 62, 'באר שבע', 38, 'אשכול'),
(1242, 'נתיב העשרה', 'NETIV HAASARA', 61, 'אשקלון', 61, 'אשקלון', 36, 'חוף אשקלון'),
(1243, 'קציר', 'QAZIR', 32, 'חדרה', 32, 'חדרה', 14, 'מנשה'),
(1244, 'תמרת', 'TIMRAT', 23, 'עפולה', 23, 'עפולה', 9, 'עמק יזרעאל'),
(1245, 'סלמה', 'SALLAMA', 24, 'עכו', 20, 'כרמיאל', 56, 'משגב'),
(1246, 'עראמשה', 'ARAMSHA', 24, 'עכו', 24, 'עכו', 4, 'מטה אשר'),
(1247, 'חריש', 'HARISH', 32, 'חדרה', 32, 'חדרה', 0, NULL),
(1248, 'אליפז', 'ELIFAZ', 62, 'באר שבע', 63, 'אילת', 53, 'חבל אילות'),
(1249, 'הרדוף', 'HARDUF', 23, 'עפולה', 23, 'עפולה', 9, 'עמק יזרעאל'),
(1251, 'עין תמר', 'EN TAMAR', 62, 'באר שבע', 62, 'באר שבע', 51, 'תמר'),
(1252, 'כורזים', 'KORAZIM', 21, 'צפת', 21, 'צפת', 55, 'מבואות החרמון'),
(1253, 'אמנון', 'AMNUN', 22, 'כנרת', 22, 'טבריה', 55, 'מבואות החרמון'),
(1254, 'נטף', 'NATAF', 11, 'ירושלים', 13, 'בית שמש', 26, 'מטה יהודה'),
(1255, 'לוטן', 'LOTAN', 62, 'באר שבע', 63, 'אילת', 53, 'חבל אילות'),
(1256, 'אשרת', 'ASHERAT', 24, 'עכו', 24, 'עכו', 4, 'מטה אשר'),
(1257, 'חנתון', 'HANNATON', 23, 'עפולה', 23, 'עפולה', 9, 'עמק יזרעאל'),
(1258, 'מסד', 'MASSAD', 22, 'כנרת', 22, 'טבריה', 3, 'הגליל התחתון'),
(1259, 'נווה שלום', 'NEWE SHALOM', 11, 'ירושלים', 13, 'בית שמש', 26, 'מטה יהודה'),
(1260, 'רתמים', 'RETAMIM', 62, 'באר שבע', 62, 'באר שבע', 48, 'רמת נגב'),
(1261, 'הר עמשא', 'HAR AMASA', 62, 'באר שבע', 62, 'באר שבע', 51, 'תמר'),
(1262, 'צוקים', 'MAHANE BILDAD', 62, 'באר שבע', 62, 'באר שבע', 54, 'הערבה התיכונה'),
(1263, 'כפר ורדים', 'KEFAR WERADIM', 24, 'עכו', 24, 'עכו', 0, NULL),
(1264, 'כרמי יוסף', 'KARME YOSEF', 43, 'רמלה', 43, 'רמלה', 30, 'גזר'),
(1265, 'שומריה', 'SHOMERIYYA', 62, 'באר שבע', 62, 'באר שבע', 41, 'בני שמעון'),
(1266, 'שחרות', 'SHAHARUT', 62, 'באר שבע', 63, 'אילת', 53, 'חבל אילות'),
(1267, 'שיטים', 'NAHAL SHITTIM', 62, 'באר שבע', 63, 'אילת', 53, 'חבל אילות'),
(1268, 'מיתר', 'METAR', 62, 'באר שבע', 62, 'באר שבע', 0, NULL),
(1271, 'להבים', 'LEHAVIM', 62, 'באר שבע', 62, 'באר שבע', 0, NULL),
(1272, 'חלוץ', 'HALUZ', 24, 'עכו', 20, 'כרמיאל', 56, 'משגב'),
(1274, 'גן נר', 'GAN NER', 23, 'עפולה', 23, 'עפולה', 8, 'הגלבוע'),
(1275, 'אבטליון', 'AVTALYON', 24, 'עכו', 20, 'כרמיאל', 56, 'משגב'),
(1276, 'אשבל', 'NAHAL ESHBAL', 24, 'עכו', 20, 'כרמיאל', 56, 'משגב'),
(1278, 'באר מילכה', 'BE\'ER MILKA', 62, 'באר שבע', 62, 'באר שבע', 48, 'רמת נגב'),
(1279, 'נווה חריף', 'NEWE HARIF', 62, 'באר שבע', 63, 'אילת', 53, 'חבל אילות'),
(1280, 'ניצני סיני', 'NIZZANE SINAY', 62, 'באר שבע', 62, 'באר שבע', 48, 'רמת נגב'),
(1282, 'מירב', 'MERAV', 23, 'עפולה', 23, 'עפולה', 7, 'עמק המעיינות'),
(1283, 'תל תאומים', 'TEL TE\'OMIM', 23, 'עפולה', 23, 'עפולה', 7, 'עמק המעיינות'),
(1284, 'נופית', 'NOFIT', 31, 'חיפה', 31, 'חיפה', 12, 'זבולון'),
(1285, 'כרכום', 'KARKOM', 22, 'כנרת', 21, 'צפת', 55, 'מבואות החרמון'),
(1286, 'שגב-שלום', 'SEGEV-SHALOM', 62, 'באר שבע', 62, 'באר שבע', 0, NULL),
(1287, 'שני', 'SHANI', 62, 'באר שבע', 62, 'באר שבע', 78, 'הר חברון'),
(1288, 'גבעת אלה', 'GIV\'AT ELA', 23, 'עפולה', 23, 'עפולה', 9, 'עמק יזרעאל'),
(1290, 'זמר', 'ZEMER', 41, 'השרון', 41, 'נתניה', 0, NULL),
(1291, 'כמהין', 'KEMEHIN', 62, 'באר שבע', 62, 'באר שבע', 48, 'רמת נגב'),
(1292, 'ג\'דיידה-מכר', 'JUDEIDE-MAKER', 24, 'עכו', 24, 'עכו', 0, NULL),
(1293, 'גבעת אבני', 'GIV\'AT AVNI', 22, 'כנרת', 22, 'טבריה', 3, 'הגליל התחתון'),
(1294, 'אור הגנוז', 'OR HAGANUZ', 21, 'צפת', 21, 'צפת', 2, 'מרום הגליל'),
(1295, 'יאנוח-ג\'ת', 'YANUH-JAT', 24, 'עכו', 24, 'עכו', 0, NULL),
(1296, 'כסרא-סמיע', 'KISRA-SUMEI', 24, 'עכו', 24, 'עכו', 0, NULL),
(1297, 'כפר חנניה', 'KEFAR HANANYA', 21, 'צפת', 21, 'צפת', 2, 'מרום הגליל'),
(1298, 'אתגר', 'ETGAR', 24, 'עכו', 20, 'כרמיאל', 56, 'משגב'),
(1299, 'שעורים', 'SE\'ORIM', 22, 'כנרת', 22, 'טבריה', 3, 'הגליל התחתון'),
(1303, 'חורה', 'HURA', 62, 'באר שבע', 62, 'באר שבע', 0, NULL),
(1304, 'שוהם', 'SHOHAM', 43, 'רמלה', 43, 'רמלה', 0, NULL),
(1309, 'אלעד', 'EL\'AD', 42, 'פתח תקווה', 349, 'ראש העין', 0, NULL),
(1310, 'לפיד', 'LAPPID', 43, 'רמלה', 43, 'רמלה', 25, 'חבל מודיעין'),
(1311, 'אבשלום', 'AVSHALOM', 62, 'באר שבע', 62, 'באר שבע', 38, 'אשכול'),
(1313, 'פוריה עילית', 'PORIYYA ILLIT', 22, 'כנרת', 22, 'טבריה', 6, 'עמק הירדן'),
(1314, 'נווה זיו', 'NEWE ZIV', 24, 'עכו', 24, 'עכו', 52, 'מעלה יוסף'),
(1315, 'מתן', 'MATTAN', 42, 'פתח תקווה', 42, 'פתח תקוה', 20, 'דרום השרון'),
(1316, 'אל-עריאן', 'AL-ARYAN', 32, 'חדרה', 32, 'חדרה', 14, 'מנשה'),
(1317, 'דמיידה', 'DEMEIDE', 24, 'עכו', 20, 'כרמיאל', 56, 'משגב'),
(1318, 'מבואות ים', 'MEVO\'OT YAM', 41, 'השרון', 41, 'נתניה', 16, 'עמק חפר'),
(1319, 'בת חפר', 'BAT HEFER', 41, 'השרון', 41, 'נתניה', 16, 'עמק חפר'),
(1320, 'עין חוד', 'EIN HOD', 32, 'חדרה', 32, 'חדרה', 15, 'חוף הכרמל'),
(1321, 'ח\'ואלד', 'KHAWALED', 31, 'חיפה', 31, 'חיפה', 12, 'זבולון'),
(1322, 'הודיות', 'HODAYOT', 22, 'כנרת', 22, 'טבריה', 3, 'הגליל התחתון'),
(1323, 'בת הדר', 'BAT HADAR', 61, 'אשקלון', 61, 'אשקלון', 36, 'חוף אשקלון'),
(1324, 'ארסוף', 'ARSUF', 41, 'השרון', 41, 'נתניה', 19, 'חוף השרון'),
(1325, 'כפר זוהרים', 'KEFAR ZOHARIM', 11, 'ירושלים', 13, 'בית שמש', 26, 'מטה יהודה'),
(1326, 'בסמ\"ה', 'BASMA', 32, 'חדרה', 32, 'חדרה', 0, NULL),
(1327, 'מעלה עירון', 'MA\'ALE IRON', 32, 'חדרה', 23, 'עפולה', 0, NULL),
(1329, 'יתיר', NULL, 62, 'באר שבע', 62, 'באר שבע', 0, NULL),
(1330, 'אחוזת ברק', 'AHUZZAT BARAQ', 23, 'עפולה', 23, 'עפולה', 9, 'עמק יזרעאל'),
(1331, 'כמאנה', NULL, 24, 'עכו', 20, 'כרמיאל', 56, 'משגב'),
(1332, 'חוסנייה', 'HUSSNIYYA', 24, 'עכו', 20, 'כרמיאל', 56, 'משגב'),
(1333, 'נוף איילון', 'NOF AYYALON', 43, 'רמלה', 43, 'רמלה', 30, 'גזר'),
(1334, 'ראס אל-עין', 'RAS AL-EIN', 24, 'עכו', 20, 'כרמיאל', 56, 'משגב'),
(1335, 'ערב אל נעים', 'ARRAB AL NAIM', 24, 'עכו', 20, 'כרמיאל', 56, 'משגב'),
(1336, 'אירוס', 'IRUS', 44, 'רחובות', 44, 'רחובות', 27, 'גן רווה'),
(1337, 'שמשית', 'SHIMSHIT', 23, 'עפולה', 23, 'עפולה', 9, 'עמק יזרעאל'),
(1338, 'כדיתה', 'KADDITA', 21, 'צפת', 21, 'צפת', 2, 'מרום הגליל'),
(1339, 'אל-עזי', 'AL-AZY', 61, 'אשקלון', 61, 'אשקלון', 35, 'יואב'),
(1340, 'מרחב עם', 'MERHAV AM', 62, 'באר שבע', 62, 'באר שבע', 48, 'רמת נגב'),
(1341, 'רוח מדבר', 'RUAH MIDBAR', 62, 'באר שבע', 62, 'באר שבע', 48, 'רמת נגב'),
(1342, 'אבו קרינאת )יישוב(', 'ABU QUREINAT', 62, 'באר שבע', 62, 'באר שבע', 68, 'נווה מדבר'),
(1343, 'מכחול', 'MAKCHUL', 62, 'באר שבע', 62, 'באר שבע', 69, 'אל קסום'),
(1344, 'גבעות בר', 'GEVA\'OT BAR', 62, 'באר שבע', 62, 'באר שבע', 41, 'בני שמעון'),
(1345, 'צור יצחק', 'ZUR YIZHAQ', 42, 'פתח תקווה', 47, 'כפר סבא', 20, 'דרום השרון'),
(1346, 'תראבין א-צאנע)ישוב(', 'TARABIN AS-SANI', 62, 'באר שבע', 62, 'באר שבע', 69, 'אל קסום'),
(1347, 'קצר א-סר', NULL, 62, 'באר שבע', 62, 'באר שבע', 68, 'נווה מדבר'),
(1348, 'ביר הדאג\'', 'BIR HADAGE', 62, 'באר שבע', 62, 'באר שבע', 68, 'נווה מדבר'),
(1349, 'דריג\'את', 'DERIG\'AT', 62, 'באר שבע', 62, 'באר שבע', 69, 'אל קסום'),
(1358, 'אום בטין', 'UMM BATIN', 62, 'באר שבע', 62, 'באר שבע', 69, 'אל קסום'),
(1359, 'אל סייד', 'AL SAYYID', 62, 'באר שבע', 62, 'באר שבע', 69, 'אל קסום'),
(1360, 'סעוה', 'SA\'WA', 62, 'באר שבע', 62, 'באר שבע', 69, 'אל קסום'),
(1361, 'בת חן', 'BAT HEN', 41, 'השרון', 41, 'נתניה', 16, 'עמק חפר'),
(1363, 'בני נצרים', 'BENE NEZARIM', 62, 'באר שבע', 62, 'באר שבע', 38, 'אשכול'),
(1364, 'שלומית', 'SHLOMIT', 62, 'באר שבע', 62, 'באר שבע', 38, 'אשכול'),
(1365, 'אליאב', 'ELIAV', 61, 'אשקלון', 61, 'אשקלון', 50, 'לכיש'),
(1366, 'נווה', 'NAVE', 62, 'באר שבע', 62, 'באר שבע', 38, 'אשכול'),
(1367, 'כחלה', 'KOCHLEA', 62, 'באר שבע', 62, 'באר שבע', 69, 'אל קסום'),
(1368, 'בני דקלים', 'BNE DKALIM', 61, 'אשקלון', 61, 'אשקלון', 50, 'לכיש'),
(1369, 'נטע', 'NETA', 61, 'אשקלון', 61, 'אשקלון', 50, 'לכיש'),
(1370, 'מצפה אילן', 'MITSPE ILAN', 32, 'חדרה', 32, 'חדרה', 14, 'מנשה'),
(1371, 'גני טל', 'GANNE TAL', 44, 'רחובות', 44, 'רחובות', 31, 'נחל שורק'),
(1372, 'נצר חזני', 'NEZER HAZZANI', 44, 'רחובות', 44, 'רחובות', 31, 'נחל שורק'),
(1373, 'שלווה במדבר', 'SHALVA BAMIDBAR', 62, 'באר שבע', 62, 'באר שבע', 48, 'רמת נגב'),
(1374, 'כרמי קטיף', 'KARME QATIF', 61, 'אשקלון', 61, 'אשקלון', 50, 'לכיש'),
(1375, 'אבו תלול', 'ABU TULUL', 62, 'באר שבע', 62, 'באר שבע', 68, 'נווה מדבר'),
(1376, 'באר גנים', 'BEER GANNIM', 62, 'באר שבע', 61, 'אשקלון', 36, 'חוף אשקלון'),
(1377, 'שבי דרום', 'SHAVE DAROM', 62, 'באר שבע', 62, 'באר שבע', 42, 'מרחבים'),
(1401, 'בת חצור', 'BAT HAZOR', 61, 'אשקלון', 61, 'אשקלון', 33, 'באר טוביה'),
(1402, 'חצרות חולדה', 'HAZROT HULDA', 43, 'רמלה', 43, 'רמלה', 30, 'גזר'),
(1404, 'חצרות יסף', 'HAZROT YASAF', 24, 'עכו', 24, 'עכו', 4, 'מטה אשר'),
(1405, 'חצרות כ\"ח', 'HAZROT KOAH', 42, 'פתח תקווה', 42, 'פתח תקוה', 25, 'חבל מודיעין'),
(1409, 'חצר בארותיים', 'HAZAR BE\'EROTAYIM', 41, 'השרון', 41, 'נתניה', 16, 'עמק חפר'),
(1411, 'מחנה הילה', 'MAHANE HILLA', 44, 'רחובות', 46, 'ראשון לציון', 27, 'גן רווה'),
(1412, 'מחנה תל נוף', 'MAHANE TEL NOF', 44, 'רחובות', 44, 'רחובות', 28, 'ברנר'),
(1413, 'מחנה יהודית', 'MAHANE YEHUDIT', 23, 'עפולה', 23, 'עפולה', 9, 'עמק יזרעאל'),
(1414, 'מחנה מרים', 'MAHANE MIRYAM', 61, 'אשקלון', 61, 'אשקלון', 33, 'באר טוביה'),
(1415, 'מחנה יפה', 'MAHANE YAFA', 62, 'באר שבע', 62, 'באר שבע', 42, 'מרחבים'),
(1416, 'מחנה יוכבד', 'MAHANE YOKHVED', 62, 'באר שבע', 63, 'אילת', 53, 'חבל אילות'),
(1418, 'מחנה טלי', 'MAHANE TALI', 62, 'באר שבע', 62, 'באר שבע', 48, 'רמת נגב'),
(1419, 'ניצן ב\'', 'NIZZAN B', 61, 'אשקלון', 61, 'אשקלון', 36, 'חוף אשקלון'),
(2002, 'תנובות', 'TENUVOT', 41, 'השרון', 41, 'נתניה', 18, 'לב השרון'),
(2003, 'תלמי אלעזר', 'TALME EL\'AZAR', 32, 'חדרה', 32, 'חדרה', 14, 'מנשה'),
(2006, 'כנות', 'KANNOT', 61, 'אשקלון', 61, 'אשקלון', 33, 'באר טוביה'),
(2008, 'שדה יצחק', 'SEDE YIZHAQ', 32, 'חדרה', 32, 'חדרה', 14, 'מנשה'),
(2009, 'יובל', 'YUVAL', 21, 'צפת', 21, 'צפת', 55, 'מבואות החרמון'),
(2010, 'כפר בן נון', 'KEFAR BIN NUN', 43, 'רמלה', 43, 'רמלה', 30, 'גזר'),
(2011, 'ינון', 'YINNON', 61, 'אשקלון', 61, 'אשקלון', 33, 'באר טוביה'),
(2012, 'אורות', 'OROT', 61, 'אשקלון', 61, 'אשקלון', 33, 'באר טוביה'),
(2013, 'בן שמן )מושב(', 'BEN SHEMEN (MOSHAV)', 43, 'רמלה', 43, 'רמלה', 25, 'חבל מודיעין'),
(2014, 'גבעולים', 'GIV\'OLIM', 62, 'באר שבע', 62, 'באר שבע', 39, 'שדות נגב'),
(2015, 'שדי חמד', 'SEDE HEMED', 42, 'פתח תקווה', 47, 'כפר סבא', 20, 'דרום השרון'),
(2016, 'רוויה', 'REWAYA', 23, 'עפולה', 23, 'עפולה', 7, 'עמק המעיינות'),
(2018, 'גבעת חיים )איחוד(', 'GIV\'AT HAYYIM (IHUD)', 41, 'השרון', 41, 'נתניה', 16, 'עמק חפר'),
(2021, 'אשל הנשיא', 'ESHEL HANASI', 62, 'באר שבע', 62, 'באר שבע', 42, 'מרחבים'),
(2023, 'להב', 'LAHAV', 62, 'באר שבע', 62, 'באר שבע', 41, 'בני שמעון'),
(2024, 'אום אל-קוטוף', 'UMM AL-QUTUF', 32, 'חדרה', 32, 'חדרה', 14, 'מנשה'),
(2026, 'ירדנה', 'YARDENA', 23, 'עפולה', 23, 'עפולה', 7, 'עמק המעיינות'),
(2029, 'מדרך עוז', 'MIDRAKH OZ', 23, 'עפולה', 23, 'עפולה', 13, 'מגידו'),
(2030, 'מנוחה', 'MENUHA', 61, 'אשקלון', 61, 'אשקלון', 50, 'לכיש'),
(2033, 'בית חלקיה', 'BET HILQIYYA', 44, 'רחובות', 44, 'רחובות', 31, 'נחל שורק'),
(2034, 'חצור הגלילית', 'HAZOR HAGELILIT', 21, 'צפת', 21, 'צפת', 0, NULL),
(2035, 'עדנים', 'ADANIM', 42, 'פתח תקווה', 42, 'פתח תקוה', 20, 'דרום השרון'),
(2038, 'ברקת', 'BAREQET', 42, 'פתח תקווה', 42, 'פתח תקוה', 25, 'חבל מודיעין'),
(2039, 'קרית יערים)מוסד(', 'QIRYAT YE\'ARIM(INSTI', 11, 'ירושלים', 13, 'בית שמש', 26, 'מטה יהודה'),
(2042, 'עין גדי', 'EN GEDI', 62, 'באר שבע', 62, 'באר שבע', 51, 'תמר'),
(2043, 'בחן', 'BAHAN', 41, 'השרון', 41, 'נתניה', 16, 'עמק חפר'),
(2044, 'מלילות', 'MELILOT', 62, 'באר שבע', 62, 'באר שבע', 39, 'שדות נגב'),
(2045, 'נחלה', 'NAHALA', 61, 'אשקלון', 61, 'אשקלון', 35, 'יואב'),
(2046, 'סגולה', 'SEGULA', 61, 'אשקלון', 61, 'אשקלון', 35, 'יואב'),
(2047, 'ניר משה', 'NIR MOSHE', 62, 'באר שבע', 62, 'באר שבע', 42, 'מרחבים'),
(2048, 'ניר עקיבא', 'NIR AQIVA', 62, 'באר שבע', 62, 'באר שבע', 42, 'מרחבים'),
(2049, 'שדה צבי', 'SEDE ZEVI', 62, 'באר שבע', 62, 'באר שבע', 42, 'מרחבים'),
(2050, 'תלמי ביל\"ו', 'TALME BILU', 62, 'באר שבע', 62, 'באר שבע', 42, 'מרחבים'),
(2051, 'רווחה', 'REWAHA', 61, 'אשקלון', 61, 'אשקלון', 34, 'שפיר'),
(2052, 'אביטל', 'AVITAL', 23, 'עפולה', 23, 'עפולה', 8, 'הגלבוע'),
(2053, 'פרזון', 'PERAZON', 23, 'עפולה', 23, 'עפולה', 8, 'הגלבוע'),
(2054, 'מיטב', 'METAV', 23, 'עפולה', 23, 'עפולה', 8, 'הגלבוע'),
(2055, 'מאור', 'MA\'OR', 32, 'חדרה', 32, 'חדרה', 14, 'מנשה'),
(2057, 'שדי תרומות', 'SEDE TERUMOT', 23, 'עפולה', 23, 'עפולה', 7, 'עמק המעיינות'),
(2059, 'פעמי תש\"ז', 'PA\'AME TASHAZ', 62, 'באר שבע', 62, 'באר שבע', 42, 'מרחבים'),
(2060, 'ברוש', 'BEROSH', 62, 'באר שבע', 62, 'באר שבע', 41, 'בני שמעון'),
(2061, 'תדהר', 'TIDHAR', 62, 'באר שבע', 62, 'באר שבע', 41, 'בני שמעון'),
(2062, 'תאשור', 'TE\'ASHUR', 62, 'באר שבע', 62, 'באר שבע', 41, 'בני שמעון'),
(2063, 'דישון', 'DISHON', 21, 'צפת', 21, 'צפת', 55, 'מבואות החרמון'),
(2064, 'זרועה', 'ZERU\'A', 62, 'באר שבע', 62, 'באר שבע', 39, 'שדות נגב'),
(2100, 'טירת כרמל', 'TIRAT KARMEL', 31, 'חיפה', 31, 'חיפה', 0, NULL),
(2200, 'דימונה', 'DIMONA', 62, 'באר שבע', 62, 'באר שבע', 0, NULL),
(2300, 'קרית טבעון', 'QIRYAT TIV\'ON', 31, 'חיפה', 31, 'חיפה', 0, NULL),
(2400, 'אור יהודה', 'OR YEHUDA', 52, 'רמת גן', 52, 'רמת גן', 0, NULL),
(2500, 'נשר', 'NESHER', 31, 'חיפה', 31, 'חיפה', 0, NULL),
(2530, 'באר יעקב', 'BE\'ER YA\'AQOV', 43, 'רמלה', 43, 'רמלה', 0, NULL),
(2550, 'גדרה', 'GEDERA', 44, 'רחובות', 44, 'רחובות', 0, NULL),
(2560, 'ערד', 'ARAD', 62, 'באר שבע', 62, 'באר שבע', 0, NULL),
(2600, 'אילת', 'ELAT', 62, 'באר שבע', 63, 'אילת', 0, NULL),
(2610, 'בית שמש', 'BET SHEMESH', 11, 'ירושלים', 13, 'בית שמש', 0, NULL),
(2620, 'קרית אונו', 'QIRYAT ONO', 52, 'רמת גן', 52, 'רמת גן', 0, NULL),
(2630, 'קרית גת', 'QIRYAT GAT', 61, 'אשקלון', 61, 'אשקלון', 0, NULL),
(2640, 'ראש העין', 'ROSH HAAYIN', 42, 'פתח תקווה', 349, 'ראש העין', 0, NULL),
(2650, 'רמת השרון', 'RAMAT HASHARON', 51, 'תל אביב', 57, 'הרצליה', 0, NULL),
(2660, 'יבנה', 'YAVNE', 44, 'רחובות', 44, 'רחובות', 0, NULL),
(2710, 'אום אל-פחם', 'UMM AL-FAHM', 32, 'חדרה', 23, 'עפולה', 0, NULL),
(2720, 'טירה', 'TIRE', 41, 'השרון', 41, 'נתניה', 0, NULL),
(2730, 'טייבה', 'TAYIBE', 41, 'השרון', 41, 'נתניה', 0, NULL),
(2742, 'זבארגה )שבט(', 'ZABARGA', 62, 'באר שבע', 62, 'באר שבע', 0, NULL),
(2800, 'קרית שמונה', 'QIRYAT SHEMONA', 21, 'צפת', 21, 'צפת', 0, NULL),
(3000, 'ירושלים', 'JERUSALEM', 11, 'ירושלים', 11, 'ירושלים', 0, NULL),
(3400, 'חברון', NULL, 77, 'חברון', 11, 'ירושלים', 0, NULL),
(3488, 'כפר עציון', 'KEFAR EZYON', 76, 'בית לחם', 11, 'ירושלים', 76, 'גוש עציון'),
(3555, 'נתיב הגדוד', 'NETIV HAGEDUD', 75, 'ירדן )יריחו(', 23, 'עפולה', 75, 'ערבות הירדן'),
(3556, 'אלמוג', 'ALMOG', 75, 'ירדן )יריחו(', 11, 'ירושלים', 74, 'מגילות ים המלח'),
(3557, 'קדומים', 'QEDUMIM', 73, 'טול כרם', 47, 'כפר סבא', 0, NULL),
(3558, 'תומר', 'TOMER', 75, 'ירדן )יריחו(', 23, 'עפולה', 75, 'ערבות הירדן'),
(3560, 'אלקנה', 'ELQANA', 73, 'טול כרם', 349, 'ראש העין', 0, NULL),
(3561, 'מגדל עוז', 'MIGDAL OZ', 76, 'בית לחם', 11, 'ירושלים', 76, 'גוש עציון'),
(3563, 'תקוע', 'TEQOA', 76, 'בית לחם', 11, 'ירושלים', 76, 'גוש עציון'),
(3564, 'כוכב השחר', 'KOKHAV HASHAHAR', 74, 'ראמאללה', 11, 'ירושלים', 73, 'מטה בנימין'),
(3565, 'רימונים', 'RIMMONIM', 74, 'ראמאללה', 11, 'ירושלים', 73, 'מטה בנימין'),
(3566, 'יפית', 'YAFIT', 75, 'ירדן )יריחו(', 23, 'עפולה', 75, 'ערבות הירדן'),
(3567, 'סלעית', 'SAL\'IT', 73, 'טול כרם', 42, 'פתח תקוה', 72, 'שומרון'),
(3568, 'ריחן', 'REHAN', 71, 'ג\'נין', 32, 'חדרה', 72, 'שומרון'),
(3569, 'מבוא דותן', 'MEVO DOTAN', 71, 'ג\'נין', 32, 'חדרה', 72, 'שומרון'),
(3570, 'אריאל', 'ARI\'EL', 73, 'טול כרם', 48, 'אריאל', 0, NULL),
(3571, 'שבי שומרון', 'SHAVE SHOMERON', 72, 'שכם', 41, 'נתניה', 72, 'שומרון'),
(3572, 'כפר תפוח', 'KEFAR TAPPUAH', 73, 'טול כרם', 48, 'אריאל', 72, 'שומרון'),
(3573, 'חלמיש', 'HALLAMISH', 74, 'ראמאללה', 11, 'ירושלים', 73, 'מטה בנימין'),
(3574, 'בית אל', 'BET EL', 74, 'ראמאללה', 11, 'ירושלים', 0, NULL),
(3575, 'בית חורון', 'BET HORON', 74, 'ראמאללה', 11, 'ירושלים', 73, 'מטה בנימין'),
(3576, 'מצפה יריחו', 'MIZPE YERIHO', 75, 'ירדן )יריחו(', 11, 'ירושלים', 73, 'מטה בנימין'),
(3578, 'שדמות מחולה', 'SHADMOT MEHOLA', 75, 'ירדן )יריחו(', 23, 'עפולה', 75, 'ערבות הירדן'),
(3579, 'אלון מורה', 'ELON MORE', 72, 'שכם', 48, 'אריאל', 72, 'שומרון'),
(3598, 'ארגמן', 'ARGAMAN', 75, 'ירדן )יריחו(', 23, 'עפולה', 75, 'ערבות הירדן'),
(3599, 'מחולה', 'MEHOLA', 75, 'ירדן )יריחו(', 23, 'עפולה', 75, 'ערבות הירדן'),
(3601, 'קליה', 'QALYA', 75, 'ירדן )יריחו(', 11, 'ירושלים', 74, 'מגילות ים המלח'),
(3602, 'ראש צורים', 'ROSH ZURIM', 76, 'בית לחם', 11, 'ירושלים', 76, 'גוש עציון'),
(3603, 'הר גילה', 'HAR GILLO', 76, 'בית לחם', 11, 'ירושלים', 76, 'גוש עציון'),
(3604, 'אלון שבות', 'ALLON SHEVUT', 76, 'בית לחם', 11, 'ירושלים', 76, 'גוש עציון'),
(3605, 'משואה', 'MASSU\'A', 75, 'ירדן )יריחו(', 23, 'עפולה', 75, 'ערבות הירדן'),
(3606, 'גלגל', 'GILGAL', 75, 'ירדן )יריחו(', 23, 'עפולה', 75, 'ערבות הירדן'),
(3607, 'ייט\"ב', 'YITAV', 75, 'ירדן )יריחו(', 23, 'עפולה', 75, 'ערבות הירדן'),
(3608, 'מעלה אפרים', 'MA\'ALE EFRAYIM', 75, 'ירדן )יריחו(', 23, 'עפולה', 0, NULL),
(3609, 'חמרה', 'HAMRA', 75, 'ירדן )יריחו(', 23, 'עפולה', 75, 'ערבות הירדן'),
(3610, 'מצפה שלם', 'MIZPE SHALEM', 75, 'ירדן )יריחו(', 11, 'ירושלים', 74, 'מגילות ים המלח'),
(3611, 'קרית ארבע', 'QIRYAT ARBA', 77, 'חברון', 11, 'ירושלים', 0, NULL),
(3612, 'בקעות', 'BEQA\'OT', 75, 'ירדן )יריחו(', 23, 'עפולה', 75, 'ערבות הירדן'),
(3613, 'גיתית', 'GITTIT', 75, 'ירדן )יריחו(', 23, 'עפולה', 75, 'ערבות הירדן'),
(3614, 'מכורה', 'MEKHORA', 75, 'ירדן )יריחו(', 23, 'עפולה', 75, 'ערבות הירדן'),
(3615, 'פצאל', 'PEZA\'EL', 75, 'ירדן )יריחו(', 23, 'עפולה', 75, 'ערבות הירדן'),
(3616, 'מעלה אדומים', 'MA\'ALE ADUMMIM', 76, 'בית לחם', 11, 'ירושלים', 0, NULL),
(3617, 'עופרה', 'OFRA', 74, 'ראמאללה', 11, 'ירושלים', 73, 'מטה בנימין'),
(3618, 'אלעזר', 'EL\'AZAR', 76, 'בית לחם', 11, 'ירושלים', 76, 'גוש עציון'),
(3619, 'רועי', 'RO\'I', 75, 'ירדן )יריחו(', 23, 'עפולה', 75, 'ערבות הירדן'),
(3620, 'נירן', 'NIRAN', 75, 'ירדן )יריחו(', 23, 'עפולה', 75, 'ערבות הירדן'),
(3637, 'מעלה שומרון', 'MA\'ALE SHOMERON', 73, 'טול כרם', 48, 'אריאל', 72, 'שומרון'),
(3638, 'כפר אדומים', 'KEFAR ADUMMIM', 74, 'ראמאללה', 11, 'ירושלים', 73, 'מטה בנימין'),
(3639, 'ורד יריחו', 'WERED YERIHO', 75, 'ירדן )יריחו(', 11, 'ירושלים', 74, 'מגילות ים המלח'),
(3640, 'קרני שומרון', 'QARNE SHOMERON', 73, 'טול כרם', 48, 'אריאל', 0, NULL),
(3641, 'שילה', 'SHILO', 74, 'ראמאללה', 11, 'ירושלים', 73, 'מטה בנימין'),
(3643, 'חיננית', 'HINNANIT', 71, 'ג\'נין', 32, 'חדרה', 72, 'שומרון'),
(3644, 'גבעון החדשה', 'GIV\'ON HAHADASHA', 74, 'ראמאללה', 11, 'ירושלים', 73, 'מטה בנימין'),
(3645, 'בית הערבה', 'BET HAARAVA', 75, 'ירדן )יריחו(', 11, 'ירושלים', 74, 'מגילות ים המלח'),
(3646, 'חמדת', 'NAHAL HEMDAT', 75, 'ירדן )יריחו(', 23, 'עפולה', 75, 'ערבות הירדן'),
(3647, 'יקיר', 'YAQIR', 73, 'טול כרם', 48, 'אריאל', 72, 'שומרון'),
(3648, 'מתתיהו', 'MATTITYAHU', 74, 'ראמאללה', 11, 'ירושלים', 73, 'מטה בנימין'),
(3649, 'שקד', 'SHAQED', 71, 'ג\'נין', 32, 'חדרה', 72, 'שומרון'),
(3650, 'אפרת', 'EFRAT', 76, 'בית לחם', 11, 'ירושלים', 0, NULL),
(3651, 'מעלה מכמש', 'MA\'ALE MIKHMAS', 74, 'ראמאללה', 11, 'ירושלים', 73, 'מטה בנימין'),
(3652, 'בית אריה', 'BET ARYE', 74, 'ראמאללה', 349, 'ראש העין', 0, NULL),
(3653, 'מעלה עמוס', 'MA\'ALE AMOS', 76, 'בית לחם', 11, 'ירושלים', 76, 'גוש עציון'),
(3654, 'ברקן', 'BARQAN', 73, 'טול כרם', 48, 'אריאל', 72, 'שומרון'),
(3655, 'ניל\"י', 'NILI', 74, 'ראמאללה', 43, 'רמלה', 73, 'מטה בנימין'),
(3656, 'כרמל', 'KARMEL', 77, 'חברון', 11, 'ירושלים', 78, 'הר חברון'),
(3657, 'מעון', 'MA\'ON', 77, 'חברון', 11, 'ירושלים', 78, 'הר חברון'),
(3658, 'עטרת', 'ATERET', 74, 'ראמאללה', 11, 'ירושלים', 73, 'מטה בנימין'),
(3659, 'פסגות', 'PESAGOT', 74, 'ראמאללה', 11, 'ירושלים', 73, 'מטה בנימין'),
(3660, 'עמנואל', 'IMMANU\'EL', 73, 'טול כרם', 349, 'ראש העין', 0, NULL),
(3709, 'מבוא חורון', 'MEVO HORON', 74, 'ראמאללה', 43, 'רמלה', 73, 'מטה בנימין'),
(3710, 'ברכה', 'BERAKHA', 72, 'שכם', 48, 'אריאל', 72, 'שומרון'),
(3712, 'ענב', 'ENAV', 73, 'טול כרם', 41, 'נתניה', 72, 'שומרון'),
(3713, 'נעמ\"ה', 'NAAMA', 75, 'ירדן )יריחו(', 11, 'ירושלים', 75, 'ערבות הירדן'),
(3715, 'עלמון', 'ALMON', 74, 'ראמאללה', 11, 'ירושלים', 73, 'מטה בנימין'),
(3717, 'חרמש', 'HERMESH', 71, 'ג\'נין', 32, 'חדרה', 72, 'שומרון'),
(3719, 'תלם', 'TELEM', 77, 'חברון', 11, 'ירושלים', 78, 'הר חברון'),
(3720, 'שערי תקווה', 'SHA\'ARE TIQWA', 73, 'טול כרם', 349, 'ראש העין', 72, 'שומרון'),
(3722, 'אשכולות', 'ESHKOLOT', 77, 'חברון', 11, 'ירושלים', 78, 'הר חברון'),
(3723, 'פני חבר', 'PENE HEVER', 77, 'חברון', 11, 'ירושלים', 78, 'הר חברון'),
(3724, 'נגוהות', 'NEGOHOT', 77, 'חברון', 11, 'ירושלים', 78, 'הר חברון'),
(3725, 'נווה דניאל', 'NEWE DANIYYEL', 76, 'בית לחם', 11, 'ירושלים', 76, 'גוש עציון'),
(3726, 'נוקדים', 'NOQEDIM', 76, 'בית לחם', 11, 'ירושלים', 76, 'גוש עציון'),
(3727, 'עלי זהב', 'ALE ZAHAV', 73, 'טול כרם', 48, 'אריאל', 72, 'שומרון'),
(3730, 'גבעת זאב', 'GIV\'AT ZE\'EV', 74, 'ראמאללה', 11, 'ירושלים', 0, NULL),
(3743, 'טנא', 'TENE', 77, 'חברון', 62, 'באר שבע', 78, 'הר חברון'),
(3744, 'ברוכין', 'BRUKHIN', 73, 'טול כרם', 48, 'אריאל', 72, 'שומרון'),
(3745, 'מצדות יהודה', 'MEZADOT YEHUDA', 77, 'חברון', 11, 'ירושלים', 78, 'הר חברון'),
(3746, 'קרית נטפים', 'QIRYAT NETAFIM', 73, 'טול כרם', 48, 'אריאל', 72, 'שומרון'),
(3747, 'דולב', 'DOLEV', 74, 'ראמאללה', 11, 'ירושלים', 73, 'מטה בנימין'),
(3748, 'עתניאל', 'OTNI\'EL', 77, 'חברון', 11, 'ירושלים', 78, 'הר חברון'),
(3749, 'יצהר', 'YIZHAR', 72, 'שכם', 48, 'אריאל', 72, 'שומרון'),
(3750, 'אלפי מנשה', 'ALFE MENASHE', 73, 'טול כרם', 349, 'ראש העין', 0, NULL),
(3751, 'מגדלים', 'MIGDALIM', 72, 'שכם', 48, 'אריאל', 72, 'שומרון'),
(3752, 'מעלה לבונה', 'MA\'ALE LEVONA', 74, 'ראמאללה', 48, 'אריאל', 73, 'מטה בנימין'),
(3754, 'אספר', 'ASEFAR', 77, 'חברון', 11, 'ירושלים', 76, 'גוש עציון'),
(3756, 'סוסיה', 'SUSEYA', 77, 'חברון', 11, 'ירושלים', 78, 'הר חברון'),
(3759, 'אדורה', 'ADORA', 77, 'חברון', 13, 'בית שמש', 78, 'הר חברון'),
(3760, 'אורנית', 'ORANIT', 73, 'טול כרם', 349, 'ראש העין', 0, NULL),
(3762, 'איתמר', 'ITAMAR', 72, 'שכם', 48, 'אריאל', 72, 'שומרון'),
(3763, 'גבע בנימין', 'GEVA BINYAMIN', 74, 'ראמאללה', 11, 'ירושלים', 73, 'מטה בנימין'),
(3764, 'חגי', 'HAGGAI', 77, 'חברון', 11, 'ירושלים', 78, 'הר חברון'),
(3765, 'עלי', 'ELI', 72, 'שכם', 48, 'אריאל', 73, 'מטה בנימין'),
(3766, 'כרמי צור', 'KARME ZUR', 77, 'חברון', 11, 'ירושלים', 76, 'גוש עציון'),
(3767, 'נחליאל', 'NAHALI\'EL', 74, 'ראמאללה', 11, 'ירושלים', 73, 'מטה בנימין'),
(3768, 'פדואל', 'PEDU\'EL', 73, 'טול כרם', 48, 'אריאל', 72, 'שומרון'),
(3769, 'הר אדר', 'HAR ADAR', 74, 'ראמאללה', 11, 'ירושלים', 0, NULL),
(3770, 'חשמונאים', 'HASHMONA\'IM', 74, 'ראמאללה', 11, 'ירושלים', 73, 'מטה בנימין'),
(3777, 'סנסנה', NULL, 77, 'חברון', 62, 'באר שבע', 78, 'הר חברון'),
(3778, 'עץ אפרים', 'EZ EFRAYIM', 73, 'טול כרם', 42, 'פתח תקוה', 72, 'שומרון'),
(3779, 'כוכב יעקב', 'KOKHAV YA\'AQOV', 74, 'ראמאללה', 11, 'ירושלים', 73, 'מטה בנימין'),
(3780, 'ביתר עילית', 'BETAR ILLIT', 76, 'בית לחם', 11, 'ירושלים', 0, NULL),
(3781, 'קדר', 'QEDAR', 76, 'בית לחם', 11, 'ירושלים', 76, 'גוש עציון'),
(3782, 'רותם', 'ROTEM', 75, 'ירדן )יריחו(', 11, 'ירושלים', 75, 'ערבות הירדן'),
(3784, 'שמעה', 'SHIM\'A', 77, 'חברון', 11, 'ירושלים', 78, 'הר חברון'),
(3785, 'משכיות', 'MASKIYYOT', 75, 'ירדן )יריחו(', 11, 'ירושלים', 75, 'ערבות הירדן'),
(3786, 'אבנת', 'AVENAT', 75, 'ירדן )יריחו(', 11, 'ירושלים', 74, 'מגילות ים המלח'),
(3787, 'נעלה', 'NA\'ALE', 74, 'ראמאללה', 11, 'ירושלים', 73, 'מטה בנימין'),
(3788, 'טלמון', 'TALMON', 74, 'ראמאללה', 11, 'ירושלים', 73, 'מטה בנימין'),
(3790, 'נופים', 'NOFIM', 73, 'טול כרם', 48, 'אריאל', 72, 'שומרון'),
(3791, 'צופים', 'ZUFIN', 73, 'טול כרם', 42, 'פתח תקוה', 72, 'שומרון'),
(3793, 'אבני חפץ', 'AVNE HEFEZ', 73, 'טול כרם', 41, 'נתניה', 72, 'שומרון'),
(3794, 'בת עין', 'BAT AYIN', 76, 'בית לחם', 11, 'ירושלים', 76, 'גוש עציון'),
(3795, 'רבבה', 'REVAVA', 72, 'שכם', 48, 'אריאל', 72, 'שומרון'),
(3796, 'כפר האורנים', 'KEFAR HAORANIM', 74, 'ראמאללה', 11, 'ירושלים', 73, 'מטה בנימין'),
(3797, 'מודיעין עילית', 'MODI\'IN ILLIT', 74, 'ראמאללה', 11, 'ירושלים', 0, NULL),
(3822, 'רחלים', 'REHELIM', 72, 'שכם', 48, 'אריאל', 72, 'שומרון'),
(3823, 'גני מודיעין', 'GANNE MODIIN', 74, 'ראמאללה', 11, 'ירושלים', 73, 'מטה בנימין'),
(3824, 'עמיחי', 'AMMIHAY', 74, 'ראמאללה', 11, 'ירושלים', 73, 'מטה בנימין'),
(4000, 'חיפה', 'HAIFA', 31, 'חיפה', 31, 'חיפה', 0, NULL),
(4001, 'בוקעאתא', 'BUQ\'ATA', 29, 'גולן', 21, 'צפת', 0, NULL),
(4002, 'אלי-עד', 'ELI AL', 29, 'גולן', 22, 'טבריה', 71, 'גולן'),
(4003, 'אל-רום', 'EL-ROM', 29, 'גולן', 21, 'צפת', 71, 'גולן'),
(4004, 'כפר חרוב', 'KEFAR HARUV', 29, 'גולן', 22, 'טבריה', 71, 'גולן'),
(4005, 'חספין', 'HASPIN', 29, 'גולן', 22, 'טבריה', 71, 'גולן'),
(4006, 'קשת', 'QESHET', 29, 'גולן', 22, 'טבריה', 71, 'גולן'),
(4007, 'יונתן', 'YONATAN', 29, 'גולן', 22, 'טבריה', 71, 'גולן'),
(4008, 'מעלה גמלא', 'MA\'ALE GAMLA', 29, 'גולן', 22, 'טבריה', 71, 'גולן'),
(4009, 'שעל', 'SHA\'AL', 29, 'גולן', 22, 'טבריה', 71, 'גולן'),
(4010, 'אודם', 'ODEM', 29, 'גולן', 21, 'צפת', 71, 'גולן'),
(4011, 'אבני איתן', 'AVNE ETAN', 29, 'גולן', 22, 'טבריה', 71, 'גולן'),
(4012, 'אניעם', 'ANI\'AM', 29, 'גולן', 22, 'טבריה', 71, 'גולן'),
(4013, 'אורטל', 'ORTAL', 29, 'גולן', 22, 'טבריה', 71, 'גולן'),
(4014, 'נטור', 'NATUR', 29, 'גולן', 22, 'טבריה', 71, 'גולן'),
(4015, 'בני יהודה', 'BENE YEHUDA', 29, 'גולן', 22, 'טבריה', 71, 'גולן'),
(4017, 'אלוני הבשן', 'ALLONE HABASHAN', 29, 'גולן', 22, 'טבריה', 71, 'גולן'),
(4019, 'מיצר', 'MEZAR', 29, 'גולן', 22, 'טבריה', 71, 'גולן'),
(4021, 'גבעת יואב', 'GIV\'AT YO\'AV', 29, 'גולן', 22, 'טבריה', 71, 'גולן'),
(4022, 'גשור', 'GESHUR', 29, 'גולן', 22, 'טבריה', 71, 'גולן'),
(4024, 'קלע', 'QELA', 29, 'גולן', 22, 'טבריה', 71, 'גולן'),
(4025, 'קדמת צבי', 'QIDMAT ZEVI', 29, 'גולן', 22, 'טבריה', 71, 'גולן'),
(4026, 'חד-נס', 'HAD-NES', 29, 'גולן', 22, 'טבריה', 71, 'גולן'),
(4028, 'כנף', 'KANAF', 29, 'גולן', 22, 'טבריה', 71, 'גולן'),
(4035, 'נמרוד', 'NIMROD', 29, 'גולן', 22, 'טבריה', 71, 'גולן'),
(4100, 'קצרין', 'QAZRIN', 29, 'גולן', 22, 'טבריה', 0, NULL),
(4101, 'מרום גולן', 'MEROM GOLAN', 29, 'גולן', 21, 'צפת', 71, 'גולן'),
(4201, 'מג\'דל שמס', 'MAJDAL SHAMS', 29, 'גולן', 21, 'צפת', 0, NULL),
(4203, 'מסעדה', 'MAS\'ADE', 29, 'גולן', 21, 'צפת', 0, NULL),
(4204, 'מבוא חמה', 'MEVO HAMMA', 29, 'גולן', 22, 'טבריה', 71, 'גולן'),
(4301, 'אפיק', 'AFIQ', 29, 'גולן', 22, 'טבריה', 71, 'גולן'),
(4303, 'נווה אטי\"ב', 'NEWE ATIV', 29, 'גולן', 21, 'צפת', 71, 'גולן'),
(4304, 'נוב', 'NOV', 29, 'גולן', 22, 'טבריה', 71, 'גולן'),
(4501, 'ע\'ג\'ר', 'GHAJAR', 29, 'גולן', 21, 'צפת', 0, NULL),
(4502, 'עין קנייא', 'EIN QINIYYE', 29, 'גולן', 21, 'צפת', 0, NULL),
(4503, 'עין זיוון', 'EN ZIWAN', 29, 'גולן', 21, 'צפת', 71, 'גולן'),
(4551, 'נאות גולן', 'NE\'OT GOLAN', 29, 'גולן', 22, 'טבריה', 71, 'גולן'),
(4701, 'רמת מגשימים', 'RAMAT MAGSHIMIM', 29, 'גולן', 22, 'טבריה', 71, 'גולן'),
(4702, 'רמות', 'RAMOT', 29, 'גולן', 22, 'טבריה', 71, 'גולן'),
(5000, 'תל אביב - יפו', 'TEL AVIV - YAFO', 51, 'תל אביב', 51, 'ת\"א - מרכז', 0, NULL),
(6000, 'באקה אל-גרביה', 'BAQA AL-GHARBIYYE', 32, 'חדרה', 32, 'חדרה', 0, NULL),
(6100, 'בני ברק', 'BENE BERAQ', 52, 'רמת גן', 54, 'בני ברק', 0, NULL),
(6200, 'בת ים', 'BAT YAM', 53, 'חולון', 53, 'חולון', 0, NULL),
(6300, 'גבעתיים', 'GIV\'ATAYIM', 52, 'רמת גן', 52, 'רמת גן', 0, NULL),
(6400, 'הרצליה', 'HERZELIYYA', 51, 'תל אביב', 57, 'הרצליה', 0, NULL),
(6500, 'חדרה', 'HADERA', 32, 'חדרה', 32, 'חדרה', 0, NULL),
(6600, 'חולון', 'HOLON', 53, 'חולון', 53, 'חולון', 0, NULL),
(6700, 'טבריה', 'TIBERIAS', 22, 'כנרת', 22, 'טבריה', 0, NULL),
(6800, 'קרית אתא', 'QIRYAT ATTA', 31, 'חיפה', 31, 'חיפה', 0, NULL),
(6900, 'כפר סבא', 'KEFAR SAVA', 42, 'פתח תקווה', 47, 'כפר סבא', 0, NULL),
(7000, 'לוד', 'LOD', 43, 'רמלה', 43, 'רמלה', 0, NULL),
(7100, 'אשקלון', 'ASHQELON', 61, 'אשקלון', 61, 'אשקלון', 0, NULL),
(7200, 'נס ציונה', 'NES ZIYYONA', 44, 'רחובות', 44, 'רחובות', 0, NULL),
(7300, 'נצרת', 'NAZARETH', 25, 'נצרת', 25, 'נצרת עילית', 0, NULL),
(7400, 'נתניה', 'NETANYA', 41, 'השרון', 41, 'נתניה', 0, NULL),
(7500, 'סח\'נין', 'SAKHNIN', 24, 'עכו', 24, 'עכו', 0, NULL),
(7600, 'עכו', 'AKKO', 24, 'עכו', 24, 'עכו', 0, NULL),
(7700, 'עפולה', 'AFULA', 23, 'עפולה', 23, 'עפולה', 0, NULL),
(7800, 'פרדס חנה-כרכור', 'PARDES HANNA-KARKUR', 32, 'חדרה', 32, 'חדרה', 0, NULL),
(7900, 'פתח תקווה', 'PETAH TIQWA', 42, 'פתח תקווה', 42, 'פתח תקוה', 0, NULL),
(8000, 'צפת', 'ZEFAT', 21, 'צפת', 21, 'צפת', 0, NULL),
(8200, 'קרית מוצקין', 'QIRYAT MOTZKIN', 31, 'חיפה', 31, 'חיפה', 0, NULL),
(8300, 'ראשון לציון', 'RISHON LEZIYYON', 44, 'רחובות', 46, 'ראשון לציון', 0, NULL),
(8400, 'רחובות', 'REHOVOT', 44, 'רחובות', 44, 'רחובות', 0, NULL),
(8500, 'רמלה', 'RAMLA', 43, 'רמלה', 43, 'רמלה', 0, NULL),
(8600, 'רמת גן', 'RAMAT GAN', 52, 'רמת גן', 52, 'רמת גן', 0, NULL),
(8700, 'רעננה', 'RA\'ANANA', 42, 'פתח תקווה', 47, 'כפר סבא', 0, NULL),
(8800, 'שפרעם', 'SHEFAR\'AM', 24, 'עכו', 25, 'נצרת עילית', 0, NULL),
(8900, 'טמרה', 'TAMRA', 24, 'עכו', 24, 'עכו', 0, NULL),
(9000, 'באר שבע', 'BE\'ER SHEVA', 62, 'באר שבע', 62, 'באר שבע', 0, NULL),
(9100, 'נהריה', 'NAHARIYYA', 24, 'עכו', 24, 'עכו', 0, NULL),
(9200, 'בית שאן', 'BET SHE\'AN', 23, 'עפולה', 23, 'עפולה', 0, NULL),
(9300, 'זכרון יעקב', 'ZIKHRON YA\'AQOV', 32, 'חדרה', 32, 'חדרה', 0, NULL),
(9400, 'יהוד-מונוסון', 'YEHUD-MONOSON', 42, 'פתח תקווה', 42, 'פתח תקוה', 0, NULL),
(9500, 'קרית ביאליק', 'QIRYAT BIALIK', 31, 'חיפה', 31, 'חיפה', 0, NULL),
(9600, 'קרית ים', 'QIRYAT YAM', 31, 'חיפה', 31, 'חיפה', 0, NULL),
(9700, 'הוד השרון', 'HOD HASHARON', 42, 'פתח תקווה', 47, 'כפר סבא', 0, NULL),
(9800, 'בנימינה-גבעת עדה', 'BINYAMINA', 32, 'חדרה', 32, 'חדרה', 0, NULL);

--
-- Indexes for dumped tables
--

--
-- Indexes for table `admins`
--
ALTER TABLE `admins`
  ADD PRIMARY KEY (`admin_id`);

--
-- Indexes for table `admin_messages`
--
ALTER TABLE `admin_messages`
  ADD PRIMARY KEY (`message_id`),
  ADD KEY `user_id` (`user_id`);

--
-- Indexes for table `default_images`
--
ALTER TABLE `default_images`
  ADD PRIMARY KEY (`src`);

--
-- Indexes for table `email_verification_codes`
--
ALTER TABLE `email_verification_codes`
  ADD PRIMARY KEY (`id`),
  ADD KEY `user_id` (`user_id`);

--
-- Indexes for table `events`
--
ALTER TABLE `events`
  ADD PRIMARY KEY (`event_id`);

--
-- Indexes for table `event_comments`
--
ALTER TABLE `event_comments`
  ADD PRIMARY KEY (`comment_id`),
  ADD KEY `fk_event_comments_event_id` (`event_id`);

--
-- Indexes for table `event_participants`
--
ALTER TABLE `event_participants`
  ADD PRIMARY KEY (`user_id`,`event_id`),
  ADD KEY `fk_event_participants_event_id` (`event_id`);

--
-- Indexes for table `friend_requests`
--
ALTER TABLE `friend_requests`
  ADD PRIMARY KEY (`request_id`);

--
-- Indexes for table `manager_messages`
--
ALTER TABLE `manager_messages`
  ADD PRIMARY KEY (`user_id`);

--
-- Indexes for table `notifications`
--
ALTER TABLE `notifications`
  ADD PRIMARY KEY (`notification_id`,`user_id`);

--
-- Indexes for table `password_resets`
--
ALTER TABLE `password_resets`
  ADD PRIMARY KEY (`id`),
  ADD KEY `email` (`email`),
  ADD KEY `token` (`token`);

--
-- Indexes for table `private_messages`
--
ALTER TABLE `private_messages`
  ADD PRIMARY KEY (`message_id`);

--
-- Indexes for table `users`
--
ALTER TABLE `users`
  ADD PRIMARY KEY (`user_id`);

--
-- Indexes for table `yeshuvim`
--
ALTER TABLE `yeshuvim`
  ADD PRIMARY KEY (`id`);

--
-- AUTO_INCREMENT for dumped tables
--

--
-- AUTO_INCREMENT for table `admin_messages`
--
ALTER TABLE `admin_messages`
  MODIFY `message_id` int(11) NOT NULL AUTO_INCREMENT, AUTO_INCREMENT=5;

--
-- AUTO_INCREMENT for table `email_verification_codes`
--
ALTER TABLE `email_verification_codes`
  MODIFY `id` int(11) NOT NULL AUTO_INCREMENT;

--
-- AUTO_INCREMENT for table `events`
--
ALTER TABLE `events`
  MODIFY `event_id` bigint(11) NOT NULL AUTO_INCREMENT, AUTO_INCREMENT=27;

--
-- AUTO_INCREMENT for table `event_comments`
--
ALTER TABLE `event_comments`
  MODIFY `comment_id` int(11) NOT NULL AUTO_INCREMENT, AUTO_INCREMENT=39;

--
-- AUTO_INCREMENT for table `friend_requests`
--
ALTER TABLE `friend_requests`
  MODIFY `request_id` int(11) NOT NULL AUTO_INCREMENT, AUTO_INCREMENT=19;

--
-- AUTO_INCREMENT for table `password_resets`
--
ALTER TABLE `password_resets`
  MODIFY `id` int(11) NOT NULL AUTO_INCREMENT, AUTO_INCREMENT=6;

--
-- AUTO_INCREMENT for table `users`
--
ALTER TABLE `users`
  MODIFY `user_id` int(255) NOT NULL AUTO_INCREMENT, AUTO_INCREMENT=15;

--
-- Constraints for dumped tables
--

--
-- Constraints for table `admin_messages`
--
ALTER TABLE `admin_messages`
  ADD CONSTRAINT `admin_messages_ibfk_1` FOREIGN KEY (`user_id`) REFERENCES `users` (`user_id`) ON DELETE CASCADE;

--
-- Constraints for table `email_verification_codes`
--
ALTER TABLE `email_verification_codes`
  ADD CONSTRAINT `email_verification_codes_ibfk_1` FOREIGN KEY (`user_id`) REFERENCES `users` (`user_id`) ON DELETE CASCADE;

--
-- Constraints for table `event_comments`
--
ALTER TABLE `event_comments`
  ADD CONSTRAINT `fk_event_comments_event_id` FOREIGN KEY (`event_id`) REFERENCES `events` (`event_id`) ON DELETE CASCADE;

--
-- Constraints for table `event_participants`
--
ALTER TABLE `event_participants`
  ADD CONSTRAINT `fk_event_participants_event_id` FOREIGN KEY (`event_id`) REFERENCES `events` (`event_id`) ON DELETE CASCADE;
COMMIT;

/*!40101 SET CHARACTER_SET_CLIENT=@OLD_CHARACTER_SET_CLIENT */;
/*!40101 SET CHARACTER_SET_RESULTS=@OLD_CHARACTER_SET_RESULTS */;
/*!40101 SET COLLATION_CONNECTION=@OLD_COLLATION_CONNECTION */;
